School Code ,School Name ,Grade,# of English Language Arts (ELA) Test Takers,ELA -  # Level 1,ELA - # Level 2,ELA - # Level 3,ELA - # Level 4,ELA - # Level 5,ELA # Proficient,ELA - % Level 1,ELA - % Level 2,ELA - % Level 3,ELA - % Level 4,ELA - % Level 5,ELA - % Proficient,# Math Test Takers,Math - # Level 1,Math - # Level 2,Math - # Level 3,Math - # Level 4,Math - # Level 5,Math - # Proficient,Math - % Level 1,Math - % Level 2,Math - % Level 3,Math - % Level 4,Math - % Level 5,Math - % Proficient
202,Aiton Elementary School,3,21,9,4,5,3,0,3,0.428571433,0.190476194,0.238095239,0.142857149,0,0.142857149,21,5,6,6,4,0,4,0.238095239,0.285714298,0.285714298,0.190476194,0,0.190476194
202,Aiton Elementary School,4,26,11,9,6,0,0,0,0.423076928,0.346153855,0.230769232,0,0,0,26,3,9,9,5,0,5,0.115384616,0.346153855,0.346153855,0.192307696,0,0.192307696
202,Aiton Elementary School,5,25,6,11,7,1,0,1,0.239999995,0.439999998,0.280000001,4.00E-02,0,4.00E-02,25,5,10,8,2,0,2,0.200000003,0.400000006,0.319999993,8.00E-02,0,8.00E-02
202,Aiton Elementary School,ALL,72,26,24,18,4,0,4,0.361111104,0.333333343,0.25,5.56E-02,0,5.56E-02,72,13,25,23,11,0,11,0.180555552,0.347222209,0.319444448,0.152777776,0,0.152777776
203,Amidon-Bowen Elementary School,3,45,26,8,4,7,0,7,0.577777803,0.177777782,8.89E-02,0.155555561,0,0.155555561,46,24,14,3,4,1,5,0.521739125,0.304347813,6.52E-02,8.70E-02,2.17E-02,0.108695649
203,Amidon-Bowen Elementary School,4,43,18,10,10,5,0,5,0.418604642,0.232558146,0.232558146,0.116279073,0,0.116279073,44,22,9,10,3,0,3,0.5,0.204545453,0.227272734,6.82E-02,0,6.82E-02
203,Amidon-Bowen Elementary School,5,59,21,18,8,12,0,12,0.355932206,0.305084735,0.135593221,0.203389823,0,0.203389823,59,23,17,12,6,1,7,0.3898305,0.288135588,0.203389823,0.101694912,1.69E-02,0.118644066
203,Amidon-Bowen Elementary School,ALL,147,65,36,22,24,0,24,0.442176878,0.244897962,0.149659857,0.163265303,0,0.163265303,149,69,40,25,13,2,15,0.463087261,0.26845637,0.167785242,8.72E-02,1.34E-02,0.100671142
204,Bancroft Elementary School @ Sharpe,3,75,21,11,18,23,2,25,0.280000001,0.146666661,0.239999995,0.306666672,2.67E-02,0.333333343,75,11,16,20,25,3,28,0.146666661,0.213333338,0.266666681,0.333333343,4.00E-02,0.373333335
204,Bancroft Elementary School @ Sharpe,4,66,12,17,17,13,7,20,0.181818187,0.25757575,0.25757575,0.196969703,0.106060609,0.303030312,66,6,13,20,24,3,27,9.09E-02,0.196969703,0.303030312,0.363636374,4.55E-02,0.409090906
204,Bancroft Elementary School @ Sharpe,5,72,19,15,10,21,7,28,0.263888896,0.208333328,0.138888896,0.291666657,9.72E-02,0.388888896,72,7,16,19,24,6,30,9.72E-02,0.222222224,0.263888896,0.333333343,8.33E-02,0.416666657
204,Bancroft Elementary School @ Sharpe,ALL,213,52,43,45,57,16,73,0.244131461,0.201877937,0.211267605,0.267605633,7.51E-02,0.342723012,213,24,45,59,73,12,85,0.112676054,0.211267605,0.276995301,0.342723012,5.63E-02,0.399061024
205,Barnard Elementary School,3,73,25,14,19,14,1,15,0.342465758,0.19178082,0.260273963,0.19178082,1.37E-02,0.205479458,73,3,14,26,25,5,30,4.11E-02,0.19178082,0.356164396,0.342465758,6.85E-02,0.410958916
205,Barnard Elementary School,4,81,10,15,18,26,12,38,0.123456791,0.185185179,0.222222224,0.320987642,0.148148149,0.469135791,81,3,16,26,32,4,36,3.70E-02,0.197530866,0.320987642,0.395061731,4.94E-02,0.444444448
205,Barnard Elementary School,5,70,6,8,23,31,2,33,8.57E-02,0.114285715,0.328571439,0.442857146,2.86E-02,0.471428573,70,8,15,24,20,3,23,0.114285715,0.214285716,0.342857152,0.285714298,4.29E-02,0.328571439
205,Barnard Elementary School,ALL,224,41,37,60,71,15,86,0.183035716,0.165178567,0.267857134,0.316964298,6.70E-02,0.383928567,224,14,45,76,77,12,89,6.25E-02,0.200892851,0.339285702,0.34375,5.36E-02,0.397321433
206,Beers Elementary School,3,47,16,7,11,12,1,13,0.340425521,0.148936167,0.234042555,0.255319148,2.13E-02,0.276595742,47,11,9,11,15,1,16,0.234042555,0.191489369,0.234042555,0.319148928,2.13E-02,0.340425521
206,Beers Elementary School,4,69,18,16,16,19,0,19,0.260869563,0.231884062,0.231884062,0.275362313,0,0.275362313,69,16,24,17,12,0,12,0.231884062,0.347826093,0.246376812,0.173913047,0,0.173913047
206,Beers Elementary School,5,42,4,13,13,12,0,12,9.52E-02,0.309523821,0.309523821,0.285714298,0,0.285714298,42,11,5,19,7,0,7,0.261904776,0.119047619,0.452380955,0.166666672,0,0.166666672
206,Beers Elementary School,ALL,158,38,36,40,43,1,44,0.240506336,0.227848098,0.25316456,0.272151887,6.33E-03,0.278481007,158,38,38,47,34,1,35,0.240506336,0.240506336,0.297468364,0.215189874,6.33E-03,0.221518993
212,Brent Elementary School,3,64,2,10,12,34,6,40,3.13E-02,0.15625,0.1875,0.53125,9.38E-02,0.625,64,4,4,3,27,26,53,6.25E-02,6.25E-02,4.69E-02,0.421875,0.40625,0.828125
212,Brent Elementary School,4,52,0,3,10,22,17,39,0,5.77E-02,0.192307696,0.423076928,0.326923072,0.75,52,1,4,8,30,9,39,1.92E-02,7.69E-02,0.15384616,0.576923072,0.173076928,0.75
212,Brent Elementary School,5,41,1,12,10,16,2,18,2.44E-02,0.292682916,0.243902445,0.390243888,4.88E-02,0.439024389,41,7,9,9,11,5,16,0.170731708,0.219512194,0.219512194,0.268292695,0.121951222,0.390243888
212,Brent Elementary School,ALL,157,3,25,32,72,25,97,1.91E-02,0.159235671,0.203821659,0.458598733,0.159235671,0.617834389,157,12,17,20,68,40,108,7.64E-02,0.108280256,0.127388537,0.433121026,0.254777074,0.687898099
213,Brightwood Education Campus,3,70,10,12,21,25,2,27,0.142857149,0.171428576,0.300000012,0.357142866,2.86E-02,0.385714293,70,5,14,18,26,7,33,7.14E-02,0.200000003,0.257142872,0.371428579,0.100000001,0.471428573
213,Brightwood Education Campus,4,75,15,22,14,21,3,24,0.200000003,0.293333322,0.186666667,0.280000001,4.00E-02,0.319999993,75,7,14,24,27,3,30,9.33E-02,0.186666667,0.319999993,0.360000014,4.00E-02,0.400000006
213,Brightwood Education Campus,5,78,20,19,19,20,0,20,0.256410271,0.243589744,0.243589744,0.256410271,0,0.256410271,78,11,18,20,28,1,29,0.141025648,0.230769232,0.256410271,0.358974367,1.28E-02,0.371794879
213,Brightwood Education Campus,6,43,8,9,18,7,1,8,0.186046511,0.209302321,0.418604642,0.162790701,2.33E-02,0.186046511,43,5,13,11,14,0,14,0.116279073,0.302325577,0.255813956,0.325581402,0,0.325581402
213,Brightwood Education Campus,7,56,16,22,11,5,2,7,0.285714298,0.392857134,0.196428567,8.93E-02,3.57E-02,0.125,56,11,21,15,8,1,9,0.196428567,0.375,0.267857134,0.142857149,1.79E-02,0.160714284
213,Brightwood Education Campus,8,53,23,10,15,5,0,5,0.433962256,0.188679248,0.283018857,9.43E-02,0,9.43E-02,53,18,11,12,12,0,12,0.339622647,0.207547173,0.226415098,0.226415098,0,0.226415098
213,Brightwood Education Campus,ALL,375,92,94,98,83,8,91,0.245333329,0.250666678,0.261333346,0.22133334,2.13E-02,0.242666662,375,57,91,100,115,12,127,0.151999995,0.242666662,0.266666681,0.306666672,3.20E-02,0.338666677
219,Bunker Hill Elementary School,3,26,11,7,4,4,0,4,0.423076928,0.269230783,0.15384616,0.15384616,0,0.15384616,26,2,5,10,7,2,9,7.69E-02,0.192307696,0.384615391,0.269230783,7.69E-02,0.346153855
219,Bunker Hill Elementary School,4,18,3,5,6,4,0,4,0.166666672,0.277777791,0.333333343,0.222222224,0,0.222222224,18,4,6,5,3,0,3,0.222222224,0.333333343,0.277777791,0.166666672,0,0.166666672
219,Bunker Hill Elementary School,5,23,6,7,6,4,0,4,0.260869563,0.304347813,0.260869563,0.173913047,0,0.173913047,23,7,6,5,5,0,5,0.304347813,0.260869563,0.217391297,0.217391297,0,0.217391297
219,Bunker Hill Elementary School,ALL,67,20,19,16,12,0,12,0.298507452,0.283582091,0.238805965,0.179104477,0,0.179104477,67,13,17,20,15,2,17,0.194029853,0.25373134,0.298507452,0.223880604,2.99E-02,0.25373134
220,Burroughs Elementary School,3,39,11,14,5,9,0,9,0.282051295,0.358974367,0.128205135,0.230769232,0,0.230769232,38,5,18,7,7,1,8,0.131578952,0.473684222,0.184210524,0.184210524,2.63E-02,0.210526317
220,Burroughs Elementary School,4,21,3,4,11,3,0,3,0.142857149,0.190476194,0.523809552,0.142857149,0,0.142857149,21,0,4,8,9,0,9,0,0.190476194,0.380952388,0.428571433,0,0.428571433
220,Burroughs Elementary School,5,23,6,4,6,7,0,7,0.260869563,0.173913047,0.260869563,0.304347813,0,0.304347813,23,0,8,9,6,0,6,0,0.347826093,0.391304344,0.260869563,0,0.260869563
220,Burroughs Elementary School,ALL,83,20,22,22,19,0,19,0.240963861,0.265060246,0.265060246,0.228915662,0,0.228915662,82,5,30,24,22,1,23,6.10E-02,0.365853667,0.292682916,0.268292695,1.22E-02,0.280487806
221,Burrville Elementary School,3,36,13,6,9,7,1,8,0.361111104,0.166666672,0.25,0.194444448,2.78E-02,0.222222224,39,11,7,10,10,1,11,0.282051295,0.179487184,0.256410271,0.256410271,2.56E-02,0.282051295
221,Burrville Elementary School,4,31,7,10,8,5,1,6,0.225806445,0.322580636,0.258064508,0.161290318,3.23E-02,0.193548381,32,6,13,5,8,0,8,0.1875,0.40625,0.15625,0.25,0,0.25
221,Burrville Elementary School,5,20,7,5,7,1,0,1,0.349999994,0.25,0.349999994,5.00E-02,0,5.00E-02,20,5,9,3,2,1,3,0.25,0.449999988,0.150000006,0.100000001,5.00E-02,0.150000006
221,Burrville Elementary School,ALL,87,27,21,24,13,2,15,0.310344815,0.241379306,0.275862068,0.149425283,2.30E-02,0.172413796,91,22,29,18,20,2,22,0.241758242,0.318681329,0.197802201,0.219780222,2.20E-02,0.241758242
224,Cleveland Elementary School,3,39,10,5,14,10,0,10,0.256410271,0.128205135,0.358974367,0.256410271,0,0.256410271,39,5,9,8,12,5,17,0.128205135,0.230769232,0.205128208,0.307692319,0.128205135,0.43589744
224,Cleveland Elementary School,4,41,7,11,8,13,2,15,0.170731708,0.268292695,0.195121944,0.317073166,4.88E-02,0.365853667,41,8,11,12,9,1,10,0.195121944,0.268292695,0.292682916,0.219512194,2.44E-02,0.243902445
224,Cleveland Elementary School,5,29,4,7,9,9,0,9,0.137931034,0.241379306,0.310344815,0.310344815,0,0.310344815,29,2,6,11,10,0,10,6.90E-02,0.206896558,0.37931034,0.344827592,0,0.344827592
224,Cleveland Elementary School,ALL,109,21,23,31,32,2,34,0.192660555,0.211009175,0.284403682,0.293577969,1.83E-02,0.311926603,109,15,26,31,31,6,37,0.137614682,0.238532111,0.284403682,0.284403682,5.50E-02,0.339449555
227,H.D. Cooke Elementary School,3,49,11,10,17,10,1,11,0.224489793,0.20408164,0.346938789,0.20408164,2.04E-02,0.224489793,49,4,9,8,23,5,28,8.16E-02,0.183673471,0.163265303,0.46938777,0.10204082,0.571428597
227,H.D. Cooke Elementary School,4,43,6,6,14,14,3,17,0.139534891,0.139534891,0.325581402,0.325581402,6.98E-02,0.395348847,43,5,8,9,21,0,21,0.116279073,0.186046511,0.209302321,0.488372087,0,0.488372087
227,H.D. Cooke Elementary School,5,45,11,9,14,9,2,11,0.244444445,0.200000003,0.311111122,0.200000003,4.44E-02,0.244444445,45,4,10,9,19,3,22,8.89E-02,0.222222224,0.200000003,0.422222227,6.67E-02,0.48888889
227,H.D. Cooke Elementary School,ALL,137,28,25,45,33,6,39,0.204379559,0.182481751,0.32846716,0.240875915,4.38E-02,0.284671545,137,13,27,26,63,8,71,9.49E-02,0.197080299,0.189781025,0.459854007,5.84E-02,0.5182482
231,Drew Elementary School,3,42,19,7,9,7,0,7,0.452380955,0.166666672,0.214285716,0.166666672,0,0.166666672,42,13,7,13,8,1,9,0.309523821,0.166666672,0.309523821,0.190476194,2.38E-02,0.214285716
231,Drew Elementary School,4,38,15,8,12,3,0,3,0.394736856,0.210526317,0.315789461,7.89E-02,0,7.89E-02,38,18,8,7,5,0,5,0.473684222,0.210526317,0.184210524,0.131578952,0,0.131578952
231,Drew Elementary School,5,37,11,11,11,4,0,4,0.297297299,0.297297299,0.297297299,0.108108111,0,0.108108111,37,15,9,8,5,0,5,0.405405402,0.243243247,0.216216221,0.135135129,0,0.135135129
231,Drew Elementary School,ALL,117,45,26,32,14,0,14,0.384615391,0.222222224,0.273504287,0.11965812,0,0.11965812,117,46,24,28,18,1,19,0.3931624,0.205128208,0.23931624,0.15384616,8.55E-03,0.162393168
232,Eaton Elementary School,3,75,5,9,23,33,5,38,6.67E-02,0.119999997,0.306666672,0.439999998,6.67E-02,0.50666666,75,0,5,14,32,24,56,0,6.67E-02,0.186666667,0.426666677,0.319999993,0.74666667
232,Eaton Elementary School,4,72,0,3,11,34,24,58,0,4.17E-02,0.152777776,0.472222209,0.333333343,0.805555582,72,1,3,11,48,9,57,1.39E-02,4.17E-02,0.152777776,0.666666687,0.125,0.791666687
232,Eaton Elementary School,5,65,2,1,12,34,16,50,3.08E-02,1.54E-02,0.184615389,0.523076952,0.246153846,0.769230783,65,0,4,15,33,13,46,0,6.15E-02,0.230769232,0.507692337,0.200000003,0.707692325
232,Eaton Elementary School,ALL,212,7,13,46,101,45,146,3.30E-02,6.13E-02,0.216981128,0.476415098,0.21226415,0.688679218,212,1,12,40,113,46,159,4.72E-03,5.66E-02,0.188679248,0.533018887,0.216981128,0.75
238,Garfield Elementary School,3,31,13,5,9,4,0,4,0.419354826,0.161290318,0.290322572,0.129032254,0,0.129032254,31,6,8,12,5,0,5,0.193548381,0.258064508,0.387096763,0.161290318,0,0.161290318
238,Garfield Elementary School,4,41,16,14,6,5,0,5,0.390243888,0.341463417,0.146341458,0.121951222,0,0.121951222,41,11,19,9,2,0,2,0.268292695,0.463414639,0.219512194,4.88E-02,0,4.88E-02
238,Garfield Elementary School,5,40,13,10,11,6,0,6,0.324999988,0.25,0.275000006,0.150000006,0,0.150000006,40,12,10,9,9,0,9,0.300000012,0.25,0.224999994,0.224999994,0,0.224999994
238,Garfield Elementary School,ALL,112,42,29,26,15,0,15,0.375,0.258928567,0.232142851,0.133928567,0,0.133928567,112,29,37,30,16,0,16,0.258928567,0.330357134,0.267857134,0.142857149,0,0.142857149
239,Garrison Elementary School,3,30,10,9,7,4,0,4,0.333333343,0.300000012,0.233333334,0.13333334,0,0.13333334,30,7,6,9,5,3,8,0.233333334,0.200000003,0.300000012,0.166666672,0.100000001,0.266666681
239,Garrison Elementary School,4,23,2,6,11,4,0,4,8.70E-02,0.260869563,0.478260875,0.173913047,0,0.173913047,23,4,4,9,6,0,6,0.173913047,0.173913047,0.391304344,0.260869563,0,0.260869563
239,Garrison Elementary School,5,24,5,6,11,2,0,2,0.208333328,0.25,0.458333343,8.33E-02,0,8.33E-02,24,5,8,7,4,0,4,0.208333328,0.333333343,0.291666657,0.166666672,0,0.166666672
239,Garrison Elementary School,ALL,77,17,21,29,10,0,10,0.220779225,0.272727281,0.376623362,0.129870132,0,0.129870132,77,16,18,25,15,3,18,0.207792208,0.233766228,0.324675322,0.19480519,3.90E-02,0.233766228
246,Hardy Middle School,6,117,4,17,33,47,16,63,3.42E-02,0.145299152,0.282051295,0.401709408,0.136752144,0.538461566,117,3,21,45,37,11,48,2.56E-02,0.179487184,0.384615391,0.316239327,9.40E-02,0.410256416
246,Hardy Middle School,7,131,18,14,22,54,23,77,0.137404576,0.106870227,0.167938933,0.412213743,0.175572515,0.587786257,131,10,31,35,43,12,55,7.63E-02,0.236641228,0.267175585,0.328244269,9.16E-02,0.419847339
246,Hardy Middle School,8,114,9,16,22,54,13,67,7.89E-02,0.140350878,0.19298245,0.473684222,0.114035085,0.587719321,112,21,20,20,45,6,51,0.1875,0.178571433,0.178571433,0.401785702,5.36E-02,0.455357134
246,Hardy Middle School,ALL,362,31,47,77,155,52,207,8.56E-02,0.12983425,0.212707177,0.42817679,0.143646404,0.57182318,360,34,72,100,125,29,154,9.44E-02,0.200000003,0.277777791,0.347222209,8.06E-02,0.427777767
247,C.W. Harris Elementary School,3,21,17,1,3,0,0,0,0.809523821,4.76E-02,0.142857149,0,0,0,21,11,5,3,2,0,2,0.523809552,0.238095239,0.142857149,9.52E-02,0,9.52E-02
247,C.W. Harris Elementary School,4,35,20,7,5,3,0,3,0.571428597,0.200000003,0.142857149,8.57E-02,0,8.57E-02,35,14,12,7,2,0,2,0.400000006,0.342857152,0.200000003,5.71E-02,0,5.71E-02
247,C.W. Harris Elementary School,5,40,19,9,7,5,0,5,0.474999994,0.224999994,0.174999997,0.125,0,0.125,40,23,11,4,2,0,2,0.574999988,0.275000006,0.100000001,5.00E-02,0,5.00E-02
247,C.W. Harris Elementary School,ALL,96,56,17,15,8,0,8,0.583333313,0.177083328,0.15625,8.33E-02,0,8.33E-02,96,48,28,14,6,0,6,0.5,0.291666657,0.145833328,6.25E-02,0,6.25E-02
249,Hendley Elementary School,3,57,30,15,9,3,0,3,0.526315808,0.263157904,0.157894731,5.26E-02,0,5.26E-02,57,20,20,12,5,0,5,0.350877196,0.350877196,0.210526317,8.77E-02,0,8.77E-02
249,Hendley Elementary School,4,52,26,15,8,3,0,3,0.5,0.288461536,0.15384616,5.77E-02,0,5.77E-02,52,28,16,6,2,0,2,0.538461566,0.307692319,0.115384616,3.85E-02,0,3.85E-02
249,Hendley Elementary School,5,51,19,15,13,4,0,4,0.372549027,0.294117659,0.254901975,7.84E-02,0,7.84E-02,51,8,15,21,7,0,7,0.156862751,0.294117659,0.411764711,0.137254909,0,0.137254909
249,Hendley Elementary School,ALL,160,75,45,30,10,0,10,0.46875,0.28125,0.1875,6.25E-02,0,6.25E-02,160,56,51,39,14,0,14,0.349999994,0.318749994,0.243750006,8.75E-02,0,8.75E-02
251,Houston Elementary School,3,26,8,7,8,3,0,3,0.307692319,0.269230783,0.307692319,0.115384616,0,0.115384616,26,1,7,13,4,1,5,3.85E-02,0.269230783,0.5,0.15384616,3.85E-02,0.192307696
251,Houston Elementary School,4,35,10,10,11,3,1,4,0.285714298,0.285714298,0.314285725,8.57E-02,2.86E-02,0.114285715,35,10,12,8,4,1,5,0.285714298,0.342857152,0.22857143,0.114285715,2.86E-02,0.142857149
251,Houston Elementary School,5,33,2,13,12,6,0,6,6.06E-02,0.393939406,0.363636374,0.181818187,0,0.181818187,33,11,15,4,3,0,3,0.333333343,0.454545468,0.121212125,9.09E-02,0,9.09E-02
251,Houston Elementary School,ALL,94,20,30,31,12,1,13,0.212765962,0.319148928,0.329787225,0.127659574,1.06E-02,0.138297871,94,22,34,25,11,2,13,0.234042555,0.361702114,0.265957445,0.117021278,2.13E-02,0.138297871
252,Hyde-Addison Elementary School @ Meyer,3,33,2,2,2,19,8,27,6.06E-02,6.06E-02,6.06E-02,0.575757563,0.24242425,0.818181813,34,0,2,4,14,14,28,0,5.88E-02,0.117647059,0.411764711,0.411764711,0.823529422
252,Hyde-Addison Elementary School @ Meyer,4,33,3,3,6,9,12,21,9.09E-02,9.09E-02,0.181818187,0.272727281,0.363636374,0.636363626,33,2,2,9,17,3,20,6.06E-02,6.06E-02,0.272727281,0.515151501,9.09E-02,0.606060624
252,Hyde-Addison Elementary School @ Meyer,5,25,2,1,7,13,2,15,8.00E-02,4.00E-02,0.280000001,0.519999981,8.00E-02,0.600000024,25,1,2,5,11,6,17,4.00E-02,8.00E-02,0.200000003,0.439999998,0.239999995,0.680000007
252,Hyde-Addison Elementary School @ Meyer,ALL,91,7,6,15,41,22,63,7.69E-02,6.59E-02,0.16483517,0.450549453,0.241758242,0.692307711,92,3,6,18,42,23,65,3.26E-02,6.52E-02,0.195652172,0.456521749,0.25,0.706521749
254,Janney Elementary School,3,120,2,13,24,76,5,81,1.67E-02,0.108333334,0.200000003,0.633333325,4.17E-02,0.675000012,120,2,3,14,55,46,101,1.67E-02,2.50E-02,0.116666667,0.458333343,0.383333325,0.841666639
254,Janney Elementary School,4,101,0,5,7,38,51,89,0,4.95E-02,6.93E-02,0.376237631,0.504950523,0.881188095,101,1,5,13,47,35,82,9.90E-03,4.95E-02,0.128712878,0.465346545,0.34653464,0.811881185
254,Janney Elementary School,5,113,0,0,18,72,23,95,0,0,0.159292042,0.637168169,0.203539819,0.840707958,113,2,1,21,63,26,89,1.77E-02,8.85E-03,0.185840711,0.557522118,0.230088502,0.78761059
254,Janney Elementary School,ALL,334,2,18,49,186,79,265,5.99E-03,5.39E-02,0.146706581,0.556886256,0.236526951,0.793413162,334,5,9,48,165,107,272,1.50E-02,2.69E-02,0.14371258,0.494011968,0.32035929,0.814371228
257,Ketcham Elementary School,3,36,12,11,8,5,0,5,0.333333343,0.305555552,0.222222224,0.138888896,0,0.138888896,36,3,4,13,15,1,16,8.33E-02,0.111111112,0.361111104,0.416666657,2.78E-02,0.444444448
257,Ketcham Elementary School,4,41,10,14,12,5,0,5,0.243902445,0.341463417,0.292682916,0.121951222,0,0.121951222,41,6,3,16,16,0,16,0.146341458,7.32E-02,0.390243888,0.390243888,0,0.390243888
257,Ketcham Elementary School,5,37,6,10,9,11,1,12,0.162162155,0.270270258,0.243243247,0.297297299,2.70E-02,0.32432431,37,5,4,9,15,4,19,0.135135129,0.108108111,0.243243247,0.405405402,0.108108111,0.513513505
257,Ketcham Elementary School,ALL,114,28,35,29,21,1,22,0.245614037,0.307017535,0.254385978,0.184210524,8.77E-03,0.19298245,114,14,11,38,46,5,51,0.122807018,9.65E-02,0.333333343,0.403508782,4.39E-02,0.447368413
258,Hearst Elementary School,3,36,4,6,11,13,2,15,0.111111112,0.166666672,0.305555552,0.361111104,5.56E-02,0.416666657,36,3,6,9,12,6,18,8.33E-02,0.166666672,0.25,0.333333343,0.166666672,0.5
258,Hearst Elementary School,4,38,3,4,6,15,10,25,7.89E-02,0.105263159,0.157894731,0.394736856,0.263157904,0.657894731,38,3,2,5,21,7,28,7.89E-02,5.26E-02,0.131578952,0.552631557,0.184210524,0.736842096
258,Hearst Elementary School,5,36,1,2,8,21,4,25,2.78E-02,5.56E-02,0.222222224,0.583333313,0.111111112,0.694444418,36,1,3,8,18,6,24,2.78E-02,8.33E-02,0.222222224,0.5,0.166666672,0.666666687
258,Hearst Elementary School,ALL,110,8,12,25,49,16,65,7.27E-02,0.109090909,0.227272734,0.445454538,0.145454541,0.590909064,110,7,11,22,51,19,70,6.36E-02,0.100000001,0.200000003,0.463636369,0.172727272,0.636363626
259,Kimball Elementary School @ Davis,3,49,23,6,11,9,0,9,0.46938777,0.122448981,0.224489793,0.183673471,0,0.183673471,49,11,15,11,11,1,12,0.224489793,0.306122452,0.224489793,0.224489793,2.04E-02,0.244897962
259,Kimball Elementary School @ Davis,4,55,21,20,12,2,0,2,0.381818175,0.363636374,0.218181819,3.64E-02,0,3.64E-02,55,11,17,17,10,0,10,0.200000003,0.309090912,0.309090912,0.181818187,0,0.181818187
259,Kimball Elementary School @ Davis,5,33,9,18,6,0,0,0,0.272727281,0.545454562,0.181818187,0,0,0,33,5,12,15,1,0,1,0.151515156,0.363636374,0.454545468,3.03E-02,0,3.03E-02
259,Kimball Elementary School @ Davis,ALL,137,53,44,29,11,0,11,0.386861324,0.321167886,0.211678833,8.03E-02,0,8.03E-02,137,27,44,43,22,1,23,0.197080299,0.321167886,0.313868612,0.160583943,7.30E-03,0.167883217
261,Lafayette Elementary School,3,125,6,9,25,67,18,85,4.80E-02,7.20E-02,0.200000003,0.536000013,0.143999994,0.680000007,125,4,5,9,56,51,107,3.20E-02,4.00E-02,7.20E-02,0.448000014,0.407999992,0.856000006
261,Lafayette Elementary School,4,84,2,4,12,38,28,66,2.38E-02,4.76E-02,0.142857149,0.452380955,0.333333343,0.785714269,84,1,2,13,58,10,68,1.19E-02,2.38E-02,0.15476191,0.690476179,0.119047619,0.809523821
261,Lafayette Elementary School,5,97,2,2,18,67,8,75,2.06E-02,2.06E-02,0.185567006,0.690721631,8.25E-02,0.773195863,97,2,1,25,49,20,69,2.06E-02,1.03E-02,0.257731944,0.50515461,0.206185564,0.711340189
261,Lafayette Elementary School,ALL,306,10,15,55,172,54,226,3.27E-02,4.90E-02,0.179738566,0.562091529,0.176470593,0.738562107,306,7,8,47,163,81,244,2.29E-02,2.61E-02,0.153594777,0.532679737,0.264705896,0.797385633
262,Langdon Elementary School,3,40,11,6,10,13,0,13,0.275000006,0.150000006,0.25,0.324999988,0,0.324999988,40,8,11,11,8,2,10,0.200000003,0.275000006,0.275000006,0.200000003,5.00E-02,0.25
262,Langdon Elementary School,4,31,11,6,9,4,1,5,0.354838699,0.193548381,0.290322572,0.129032254,3.23E-02,0.161290318,31,13,9,5,4,0,4,0.419354826,0.290322572,0.161290318,0.129032254,0,0.129032254
262,Langdon Elementary School,5,40,2,5,10,23,0,23,5.00E-02,0.125,0.25,0.574999988,0,0.574999988,40,7,3,19,10,1,11,0.174999997,7.50E-02,0.474999994,0.25,2.50E-02,0.275000006
262,Langdon Elementary School,ALL,111,24,17,29,40,1,41,0.216216221,0.153153151,0.261261255,0.360360354,9.01E-03,0.369369358,111,28,23,35,22,3,25,0.252252251,0.207207203,0.315315306,0.198198199,2.70E-02,0.225225225
264,LaSalle-Backus Education Campus,3,27,9,6,8,4,0,4,0.333333343,0.222222224,0.296296299,0.148148149,0,0.148148149,27,4,9,7,7,0,7,0.148148149,0.333333343,0.259259254,0.259259254,0,0.259259254
264,LaSalle-Backus Education Campus,4,31,9,9,8,5,0,5,0.290322572,0.290322572,0.258064508,0.161290318,0,0.161290318,30,9,12,7,2,0,2,0.300000012,0.400000006,0.233333334,6.67E-02,0,6.67E-02
264,LaSalle-Backus Education Campus,5,31,8,14,2,6,1,7,0.258064508,0.45161289,6.45E-02,0.193548381,3.23E-02,0.225806445,31,4,8,9,9,1,10,0.129032254,0.258064508,0.290322572,0.290322572,3.23E-02,0.322580636
264,LaSalle-Backus Education Campus,6,36,9,13,10,4,0,4,0.25,0.361111104,0.277777791,0.111111112,0,0.111111112,36,7,14,6,9,0,9,0.194444448,0.388888896,0.166666672,0.25,0,0.25
264,LaSalle-Backus Education Campus,7,34,10,10,8,6,0,6,0.294117659,0.294117659,0.235294119,0.176470593,0,0.176470593,34,11,13,10,0,0,0,0.323529422,0.382352948,0.294117659,0,0,0
264,LaSalle-Backus Education Campus,8,34,8,6,9,11,0,11,0.235294119,0.176470593,0.264705896,0.323529422,0,0.323529422,34,12,8,9,5,0,5,0.352941185,0.235294119,0.264705896,0.14705883,0,0.14705883
264,LaSalle-Backus Education Campus,ALL,193,53,58,45,36,1,37,0.274611413,0.300518125,0.233160615,0.186528504,5.18E-03,0.191709846,192,47,64,48,32,1,33,0.244791672,0.333333343,0.25,0.166666672,5.21E-03,0.171875
266,Leckie Education Campus,3,57,18,11,16,10,2,12,0.315789461,0.19298245,0.280701756,0.175438598,3.51E-02,0.210526317,57,21,15,10,9,2,11,0.368421048,0.263157904,0.175438598,0.157894731,3.51E-02,0.19298245
266,Leckie Education Campus,4,54,9,11,10,17,7,24,0.166666672,0.203703701,0.185185179,0.314814806,0.129629627,0.444444448,54,14,16,15,9,0,9,0.259259254,0.296296299,0.277777791,0.166666672,0,0.166666672
266,Leckie Education Campus,5,47,13,12,12,7,3,10,0.276595742,0.255319148,0.255319148,0.148936167,6.38E-02,0.212765962,47,24,10,8,5,0,5,0.510638297,0.212765962,0.170212761,0.106382981,0,0.106382981
266,Leckie Education Campus,6,34,5,8,15,6,0,6,0.14705883,0.235294119,0.441176474,0.176470593,0,0.176470593,34,8,14,9,3,0,3,0.235294119,0.411764711,0.264705896,8.82E-02,0,8.82E-02
266,Leckie Education Campus,7,31,2,7,12,5,5,10,6.45E-02,0.225806445,0.387096763,0.161290318,0.161290318,0.322580636,29,3,13,7,6,0,6,0.103448279,0.448275864,0.241379306,0.206896558,0,0.206896558
266,Leckie Education Campus,8,23,5,5,10,3,0,3,0.217391297,0.217391297,0.434782594,0.130434781,0,0.130434781,23,10,8,2,3,0,3,0.434782594,0.347826093,8.70E-02,0.130434781,0,0.130434781
266,Leckie Education Campus,ALL,246,52,54,75,48,17,65,0.211382121,0.219512194,0.304878056,0.195121944,6.91E-02,0.264227629,244,80,76,51,35,2,37,0.327868849,0.311475396,0.209016398,0.143442616,8.20E-03,0.151639342
271,Ludlow-Taylor Elementary School,3,50,1,7,7,25,10,35,2.00E-02,0.140000001,0.140000001,0.5,0.200000003,0.699999988,50,0,6,15,19,10,29,0,0.119999997,0.300000012,0.379999995,0.200000003,0.579999983
271,Ludlow-Taylor Elementary School,4,43,0,4,8,15,16,31,0,9.30E-02,0.186046511,0.348837197,0.372093022,0.720930219,43,5,11,7,17,3,20,0.116279073,0.255813956,0.162790701,0.395348847,6.98E-02,0.465116292
271,Ludlow-Taylor Elementary School,5,39,1,1,8,23,6,29,2.56E-02,2.56E-02,0.205128208,0.589743614,0.15384616,0.743589759,39,1,6,14,14,4,18,2.56E-02,0.15384616,0.358974367,0.358974367,0.102564104,0.461538464
271,Ludlow-Taylor Elementary School,ALL,132,2,12,23,63,32,95,1.52E-02,9.09E-02,0.174242422,0.477272719,0.24242425,0.719696999,132,6,23,36,50,17,67,4.55E-02,0.174242422,0.272727281,0.378787875,0.128787875,0.50757575
272,Key Elementary School,3,64,1,5,6,42,10,52,1.56E-02,7.81E-02,9.38E-02,0.65625,0.15625,0.8125,64,0,3,7,21,33,54,0,4.69E-02,0.109375,0.328125,0.515625,0.84375
272,Key Elementary School,4,50,4,3,5,26,12,38,8.00E-02,6.00E-02,0.100000001,0.519999981,0.239999995,0.75999999,50,3,3,11,31,2,33,6.00E-02,6.00E-02,0.219999999,0.620000005,4.00E-02,0.660000026
272,Key Elementary School,5,42,0,0,7,24,11,35,0,0,0.166666672,0.571428597,0.261904776,0.833333313,42,2,5,7,22,6,28,4.76E-02,0.119047619,0.166666672,0.523809552,0.142857149,0.666666687
272,Key Elementary School,ALL,156,5,8,18,92,33,125,3.21E-02,5.13E-02,0.115384616,0.589743614,0.211538464,0.801282048,156,5,11,25,74,41,115,3.21E-02,7.05E-02,0.160256416,0.474358976,0.262820512,0.737179458
273,Mann Elementary School,3,58,1,3,13,31,10,41,1.72E-02,5.17E-02,0.224137932,0.534482777,0.172413796,0.706896544,58,1,5,7,23,22,45,1.72E-02,8.62E-02,0.120689653,0.396551728,0.37931034,0.775862098
273,Mann Elementary School,4,48,0,3,6,18,21,39,0,6.25E-02,0.125,0.375,0.4375,0.8125,48,0,3,7,30,8,38,0,6.25E-02,0.145833328,0.625,0.166666672,0.791666687
273,Mann Elementary School,5,47,0,2,10,29,6,35,0,4.26E-02,0.212765962,0.617021263,0.127659574,0.744680822,47,0,5,10,21,11,32,0,0.106382981,0.212765962,0.446808517,0.234042555,0.680851042
273,Mann Elementary School,ALL,153,1,8,29,78,37,115,6.54E-03,5.23E-02,0.189542487,0.509803951,0.241830066,0.751634002,153,1,13,24,74,41,115,6.54E-03,8.50E-02,0.156862751,0.483660132,0.26797387,0.751634002
274,Maury Elementary School @ Eliot-Hine,3,52,2,5,10,26,9,35,3.85E-02,9.62E-02,0.192307696,0.5,0.173076928,0.673076928,52,3,4,2,24,19,43,5.77E-02,7.69E-02,3.85E-02,0.461538464,0.365384609,0.826923072
274,Maury Elementary School @ Eliot-Hine,4,47,0,3,11,9,24,33,0,6.38E-02,0.234042555,0.191489369,0.510638297,0.702127635,47,1,7,9,17,13,30,2.13E-02,0.148936167,0.191489369,0.361702114,0.276595742,0.638297856
274,Maury Elementary School @ Eliot-Hine,5,41,0,7,6,23,5,28,0,0.170731708,0.146341458,0.560975611,0.121951222,0.682926834,41,1,7,8,16,9,25,2.44E-02,0.170731708,0.195121944,0.390243888,0.219512194,0.609756112
274,Maury Elementary School @ Eliot-Hine,ALL,140,2,15,27,58,38,96,1.43E-02,0.107142858,0.192857146,0.414285719,0.271428585,0.685714304,140,5,18,19,57,41,98,3.57E-02,0.128571436,0.135714293,0.407142848,0.29285714,0.699999988
280,Miner Elementary School,3,33,17,8,4,2,2,4,0.515151501,0.24242425,0.121212125,6.06E-02,6.06E-02,0.121212125,33,13,10,6,2,2,4,0.393939406,0.303030312,0.181818187,6.06E-02,6.06E-02,0.121212125
280,Miner Elementary School,4,38,9,17,8,4,0,4,0.236842111,0.447368413,0.210526317,0.105263159,0,0.105263159,38,7,10,13,8,0,8,0.184210524,0.263157904,0.342105269,0.210526317,0,0.210526317
280,Miner Elementary School,5,34,12,10,8,4,0,4,0.352941185,0.294117659,0.235294119,0.117647059,0,0.117647059,34,6,11,13,4,0,4,0.176470593,0.323529422,0.382352948,0.117647059,0,0.117647059
280,Miner Elementary School,ALL,105,38,35,20,10,2,12,0.36190477,0.333333343,0.190476194,9.52E-02,1.90E-02,0.114285715,105,26,31,32,14,2,16,0.247619048,0.295238107,0.304761916,0.13333334,1.90E-02,0.152380958
284,Marie Reed Elementary School,3,46,4,5,12,20,5,25,8.70E-02,0.108695649,0.260869563,0.434782594,0.108695649,0.543478251,46,4,3,16,18,5,23,8.70E-02,6.52E-02,0.347826093,0.391304344,0.108695649,0.5
284,Marie Reed Elementary School,4,51,5,4,9,25,8,33,9.80E-02,7.84E-02,0.176470593,0.490196079,0.156862751,0.647058845,51,3,11,14,22,1,23,5.88E-02,0.215686277,0.274509817,0.431372553,1.96E-02,0.450980395
284,Marie Reed Elementary School,5,46,3,7,16,19,1,20,6.52E-02,0.152173907,0.347826093,0.413043469,2.17E-02,0.434782594,46,2,5,18,17,4,21,4.35E-02,0.108695649,0.391304344,0.369565219,8.70E-02,0.456521749
284,Marie Reed Elementary School,ALL,143,12,16,37,64,14,78,8.39E-02,0.111888111,0.25874126,0.447552443,9.79E-02,0.545454562,143,9,19,48,57,10,67,6.29E-02,0.132867128,0.335664332,0.398601413,6.99E-02,0.46853146
285,Moten Elementary School,3,56,35,9,8,4,0,4,0.625,0.160714284,0.142857149,7.14E-02,0,7.14E-02,56,22,15,16,2,1,3,0.392857134,0.267857134,0.285714298,3.57E-02,1.79E-02,5.36E-02
285,Moten Elementary School,4,49,19,16,9,5,0,5,0.387755096,0.326530606,0.183673471,0.10204082,0,0.10204082,49,20,23,4,2,0,2,0.408163279,0.46938777,8.16E-02,4.08E-02,0,4.08E-02
285,Moten Elementary School,5,43,16,17,8,2,0,2,0.372093022,0.395348847,0.186046511,4.65E-02,0,4.65E-02,41,21,14,6,0,0,0,0.51219511,0.341463417,0.146341458,0,0,0
285,Moten Elementary School,ALL,148,70,42,25,11,0,11,0.472972959,0.283783793,0.168918923,7.43E-02,0,7.43E-02,146,63,52,26,4,1,5,0.431506842,0.356164396,0.178082198,2.74E-02,6.85E-03,3.42E-02
287,Murch Elementary School @ UDC,3,85,10,3,16,52,4,56,0.117647059,3.53E-02,0.188235298,0.611764729,4.71E-02,0.65882355,85,5,4,21,43,12,55,5.88E-02,4.71E-02,0.247058824,0.505882382,0.141176477,0.647058845
287,Murch Elementary School @ UDC,4,85,4,7,13,36,25,61,4.71E-02,8.24E-02,0.152941182,0.423529416,0.294117659,0.717647076,85,7,6,13,42,17,59,8.24E-02,7.06E-02,0.152941182,0.494117647,0.200000003,0.694117665
287,Murch Elementary School @ UDC,5,88,2,8,13,49,16,65,2.27E-02,9.09E-02,0.147727266,0.556818187,0.181818187,0.738636374,88,7,13,23,34,11,45,7.95E-02,0.147727266,0.261363626,0.386363626,0.125,0.511363626
287,Murch Elementary School @ UDC,ALL,258,16,18,42,137,45,182,6.20E-02,6.98E-02,0.162790701,0.531007767,0.174418598,0.705426335,258,19,23,57,119,40,159,7.36E-02,8.91E-02,0.220930234,0.461240321,0.155038759,0.616279066
288,Nalle Elementary School,3,35,18,7,6,4,0,4,0.514285743,0.200000003,0.171428576,0.114285715,0,0.114285715,35,5,11,11,7,1,8,0.142857149,0.314285725,0.314285725,0.200000003,2.86E-02,0.22857143
288,Nalle Elementary School,4,50,18,17,10,5,0,5,0.360000014,0.340000004,0.200000003,0.100000001,0,0.100000001,50,10,19,15,6,0,6,0.200000003,0.379999995,0.300000012,0.119999997,0,0.119999997
288,Nalle Elementary School,5,44,7,16,14,7,0,7,0.159090906,0.363636374,0.318181813,0.159090906,0,0.159090906,44,2,8,13,20,1,21,4.55E-02,0.181818187,0.295454532,0.454545468,2.27E-02,0.477272719
288,Nalle Elementary School,ALL,129,43,40,30,16,0,16,0.333333343,0.310077518,0.232558146,0.124031007,0,0.124031007,129,17,38,39,33,2,35,0.131782949,0.294573635,0.302325577,0.255813956,1.55E-02,0.27131784
290,Noyes Elementary School,3,23,9,4,4,6,0,6,0.391304344,0.173913047,0.173913047,0.260869563,0,0.260869563,23,5,6,5,5,2,7,0.217391297,0.260869563,0.217391297,0.217391297,8.70E-02,0.304347813
290,Noyes Elementary School,4,28,10,10,5,3,0,3,0.357142866,0.357142866,0.178571433,0.107142858,0,0.107142858,28,11,6,4,7,0,7,0.392857134,0.214285716,0.142857149,0.25,0,0.25
290,Noyes Elementary School,5,15,1,6,7,1,0,1,6.67E-02,0.400000006,0.466666669,6.67E-02,0,6.67E-02,15,0,6,9,0,0,0,0,0.400000006,0.600000024,0,0,0
290,Noyes Elementary School,ALL,66,20,20,16,10,0,10,0.303030312,0.303030312,0.24242425,0.151515156,0,0.151515156,66,16,18,18,12,2,14,0.24242425,0.272727281,0.272727281,0.181818187,3.03E-02,0.212121218
291,Orr Elementary School,3,45,21,12,8,4,0,4,0.466666669,0.266666681,0.177777782,8.89E-02,0,8.89E-02,45,13,16,10,5,1,6,0.288888901,0.355555564,0.222222224,0.111111112,2.22E-02,0.13333334
291,Orr Elementary School,4,46,13,18,10,5,0,5,0.282608688,0.391304344,0.217391297,0.108695649,0,0.108695649,46,12,21,8,5,0,5,0.260869563,0.456521749,0.173913047,0.108695649,0,0.108695649
291,Orr Elementary School,5,53,13,14,12,14,0,14,0.245283023,0.264150947,0.226415098,0.264150947,0,0.264150947,53,10,16,21,5,1,6,0.188679248,0.301886797,0.396226406,9.43E-02,1.89E-02,0.113207549
291,Orr Elementary School,ALL,144,47,44,30,23,0,23,0.326388896,0.305555552,0.208333328,0.159722224,0,0.159722224,144,35,53,39,15,2,17,0.243055552,0.368055552,0.270833343,0.104166664,1.39E-02,0.118055552
292,Oyster-Adams Bilingual School,3,62,7,9,7,37,2,39,0.112903222,0.145161286,0.112903222,0.59677422,3.23E-02,0.629032254,62,0,5,11,23,23,46,0,8.06E-02,0.17741935,0.370967746,0.370967746,0.741935492
292,Oyster-Adams Bilingual School,4,68,1,9,13,30,15,45,1.47E-02,0.132352948,0.191176474,0.441176474,0.220588237,0.661764681,67,4,12,11,36,4,40,5.97E-02,0.179104477,0.164179102,0.537313461,5.97E-02,0.597014904
292,Oyster-Adams Bilingual School,5,70,0,3,9,44,14,58,0,4.29E-02,0.128571436,0.628571451,0.200000003,0.828571439,69,0,9,21,30,9,39,0,0.130434781,0.304347813,0.434782594,0.130434781,0.565217376
292,Oyster-Adams Bilingual School,6,69,1,3,13,27,25,52,1.45E-02,4.35E-02,0.188405797,0.391304344,0.362318844,0.753623188,69,2,9,20,33,5,38,2.90E-02,0.130434781,0.289855063,0.478260875,7.25E-02,0.550724626
292,Oyster-Adams Bilingual School,7,65,1,7,9,18,30,48,1.54E-02,0.107692309,0.138461545,0.27692309,0.461538464,0.738461554,65,0,6,20,29,10,39,0,9.23E-02,0.307692319,0.446153849,0.15384616,0.600000024
292,Oyster-Adams Bilingual School,8,65,4,3,16,25,17,42,6.15E-02,4.62E-02,0.246153846,0.384615391,0.261538476,0.646153867,65,8,4,12,36,5,41,0.123076923,6.15E-02,0.184615389,0.55384618,7.69E-02,0.630769253
292,Oyster-Adams Bilingual School,ALL,399,14,34,67,181,103,284,3.51E-02,8.52E-02,0.1679198,0.453634083,0.258145362,0.711779475,397,14,45,95,187,56,243,3.53E-02,0.113350123,0.239294708,0.471032739,0.141057938,0.612090707
294,Patterson Elementary School,3,47,22,12,9,4,0,4,0.46808511,0.255319148,0.191489369,8.51E-02,0,8.51E-02,47,8,16,15,8,0,8,0.170212761,0.340425521,0.319148928,0.170212761,0,0.170212761
294,Patterson Elementary School,4,38,13,8,13,4,0,4,0.342105269,0.210526317,0.342105269,0.105263159,0,0.105263159,38,8,16,8,6,0,6,0.210526317,0.421052635,0.210526317,0.157894731,0,0.157894731
294,Patterson Elementary School,5,48,16,19,11,2,0,2,0.333333343,0.395833343,0.229166672,4.17E-02,0,4.17E-02,48,17,19,9,3,0,3,0.354166657,0.395833343,0.1875,6.25E-02,0,6.25E-02
294,Patterson Elementary School,ALL,133,51,39,33,10,0,10,0.383458644,0.293233097,0.248120308,7.52E-02,0,7.52E-02,133,33,51,32,17,0,17,0.248120308,0.383458644,0.24060151,0.127819553,0,0.127819553
295,Payne Elementary School,3,38,14,9,9,6,0,6,0.368421048,0.236842111,0.236842111,0.157894731,0,0.157894731,38,10,19,5,3,1,4,0.263157904,0.5,0.131578952,7.89E-02,2.63E-02,0.105263159
295,Payne Elementary School,4,41,5,15,13,8,0,8,0.121951222,0.365853667,0.317073166,0.195121944,0,0.195121944,41,4,7,16,14,0,14,9.76E-02,0.170731708,0.390243888,0.341463417,0,0.341463417
295,Payne Elementary School,5,38,6,13,12,7,0,7,0.157894731,0.342105269,0.315789461,0.184210524,0,0.184210524,38,6,11,13,8,0,8,0.157894731,0.289473683,0.342105269,0.210526317,0,0.210526317
295,Payne Elementary School,ALL,117,25,37,34,21,0,21,0.213675216,0.316239327,0.290598303,0.179487184,0,0.179487184,117,20,37,34,25,1,26,0.170940176,0.316239327,0.290598303,0.213675216,8.55E-03,0.222222224
296,Bruce-Monroe Elementary School @ Park View,3,59,7,11,17,22,2,24,0.118644066,0.186440676,0.288135588,0.372881353,3.39E-02,0.406779647,59,6,8,14,26,5,31,0.101694912,0.135593221,0.237288132,0.440677971,8.47E-02,0.525423706
296,Bruce-Monroe Elementary School @ Park View,4,51,7,11,19,13,1,14,0.137254909,0.215686277,0.372549027,0.254901975,1.96E-02,0.274509817,51,11,14,13,13,0,13,0.215686277,0.274509817,0.254901975,0.254901975,0,0.254901975
296,Bruce-Monroe Elementary School @ Park View,5,57,11,11,15,18,2,20,0.19298245,0.19298245,0.263157904,0.315789461,3.51E-02,0.350877196,57,10,19,12,14,2,16,0.175438598,0.333333343,0.210526317,0.245614037,3.51E-02,0.280701756
296,Bruce-Monroe Elementary School @ Park View,ALL,167,25,33,51,53,5,58,0.149700597,0.19760479,0.305389225,0.317365259,2.99E-02,0.347305387,167,27,41,39,53,7,60,0.161676645,0.245508984,0.233532935,0.317365259,4.19E-02,0.359281451
299,Plummer Elementary School,3,47,23,9,6,9,0,9,0.489361703,0.191489369,0.127659574,0.191489369,0,0.191489369,47,15,9,12,11,0,11,0.319148928,0.191489369,0.255319148,0.234042555,0,0.234042555
299,Plummer Elementary School,4,53,17,13,16,7,0,7,0.320754707,0.245283023,0.301886797,0.132075474,0,0.132075474,53,23,16,10,4,0,4,0.433962256,0.301886797,0.188679248,7.55E-02,0,7.55E-02
299,Plummer Elementary School,5,44,11,9,19,4,1,5,0.25,0.204545453,0.431818187,9.09E-02,2.27E-02,0.113636367,44,9,17,12,6,0,6,0.204545453,0.386363626,0.272727281,0.13636364,0,0.13636364
299,Plummer Elementary School,ALL,144,51,31,41,20,1,21,0.354166657,0.215277776,0.284722209,0.138888896,6.94E-03,0.145833328,144,47,42,34,21,0,21,0.326388896,0.291666657,0.236111104,0.145833328,0,0.145833328
300,Powell Elementary School,3,71,23,17,17,14,0,14,0.323943675,0.239436626,0.239436626,0.197183102,0,0.197183102,71,12,18,20,18,3,21,0.169014081,0.253521115,0.28169015,0.253521115,4.23E-02,0.295774639
300,Powell Elementary School,4,73,14,23,24,9,3,12,0.19178082,0.315068483,0.328767121,0.12328767,4.11E-02,0.16438356,72,8,18,25,19,2,21,0.111111112,0.25,0.347222209,0.263888896,2.78E-02,0.291666657
300,Powell Elementary School,5,69,16,20,22,11,0,11,0.231884062,0.289855063,0.318840593,0.159420297,0,0.159420297,69,0,20,28,18,3,21,0,0.289855063,0.405797094,0.260869563,4.35E-02,0.304347813
300,Powell Elementary School,ALL,213,53,60,63,34,3,37,0.248826295,0.28169015,0.295774639,0.159624413,1.41E-02,0.173708916,212,20,56,73,55,8,63,9.43E-02,0.264150947,0.344339609,0.259433955,3.77E-02,0.297169805
302,Raymond Education Campus,3,53,15,16,14,8,0,8,0.283018857,0.301886797,0.264150947,0.150943398,0,0.150943398,53,4,11,22,14,2,16,7.55E-02,0.207547173,0.415094346,0.264150947,3.77E-02,0.301886797
302,Raymond Education Campus,4,54,8,12,14,18,2,20,0.148148149,0.222222224,0.259259254,0.333333343,3.70E-02,0.370370358,54,5,10,18,20,1,21,9.26E-02,0.185185179,0.333333343,0.370370358,1.85E-02,0.388888896
302,Raymond Education Campus,5,51,16,14,11,10,0,10,0.313725501,0.274509817,0.215686277,0.196078435,0,0.196078435,50,5,22,19,4,0,4,0.100000001,0.439999998,0.379999995,8.00E-02,0,8.00E-02
302,Raymond Education Campus,6,37,1,7,17,11,1,12,2.70E-02,0.189189196,0.459459454,0.297297299,2.70E-02,0.32432431,37,5,11,14,7,0,7,0.135135129,0.297297299,0.378378391,0.189189196,0,0.189189196
302,Raymond Education Campus,7,52,16,5,11,14,6,20,0.307692319,9.62E-02,0.211538464,0.269230783,0.115384616,0.384615391,52,12,16,16,8,0,8,0.230769232,0.307692319,0.307692319,0.15384616,0,0.15384616
302,Raymond Education Campus,8,41,8,11,15,6,1,7,0.195121944,0.268292695,0.365853667,0.146341458,2.44E-02,0.170731708,41,15,14,7,5,0,5,0.365853667,0.341463417,0.170731708,0.121951222,0,0.121951222
302,Raymond Education Campus,ALL,288,64,65,82,67,10,77,0.222222224,0.225694448,0.284722209,0.232638896,3.47E-02,0.267361104,287,46,84,96,58,3,61,0.160278752,0.292682916,0.33449477,0.202090591,1.05E-02,0.212543547
305,Ross Elementary School,3,24,0,0,3,15,6,21,0,0,0.125,0.625,0.25,0.875,24,0,2,2,12,8,20,0,8.33E-02,8.33E-02,0.5,0.333333343,0.833333313
305,Ross Elementary School,4,25,0,1,0,7,17,24,0,4.00E-02,0,0.280000001,0.680000007,0.959999979,25,0,0,4,16,5,21,0,0,0.159999996,0.639999986,0.200000003,0.839999974
305,Ross Elementary School,5,12,0,0,3,6,3,9,0,0,0.25,0.5,0.25,0.75,12,0,1,2,7,2,9,0,8.33E-02,0.166666672,0.583333313,0.166666672,0.75
305,Ross Elementary School,ALL,61,0,1,6,28,26,54,0,1.64E-02,9.84E-02,0.459016383,0.426229507,0.885245919,61,0,3,8,35,15,50,0,4.92E-02,0.131147534,0.573770463,0.245901644,0.819672108
307,Savoy Elementary School,3,33,14,10,7,2,0,2,0.424242437,0.303030312,0.212121218,6.06E-02,0,6.06E-02,33,6,15,9,3,0,3,0.181818187,0.454545468,0.272727281,9.09E-02,0,9.09E-02
307,Savoy Elementary School,4,52,13,20,11,8,0,8,0.25,0.384615391,0.211538464,0.15384616,0,0.15384616,50,17,18,11,4,0,4,0.340000004,0.360000014,0.219999999,8.00E-02,0,8.00E-02
307,Savoy Elementary School,5,36,4,19,8,5,0,5,0.111111112,0.527777791,0.222222224,0.138888896,0,0.138888896,36,7,15,8,6,0,6,0.194444448,0.416666657,0.222222224,0.166666672,0,0.166666672
307,Savoy Elementary School,ALL,121,31,49,26,15,0,15,0.256198347,0.404958665,0.214876026,0.12396694,0,0.12396694,119,30,48,28,13,0,13,0.252100855,0.40336135,0.235294119,0.109243698,0,0.109243698
308,Malcolm X Elementary School @ Green,3,35,17,11,5,2,0,2,0.485714287,0.314285725,0.142857149,5.71E-02,0,5.71E-02,35,9,15,8,3,0,3,0.257142872,0.428571433,0.22857143,8.57E-02,0,8.57E-02
308,Malcolm X Elementary School @ Green,4,29,9,11,5,4,0,4,0.310344815,0.37931034,0.172413796,0.137931034,0,0.137931034,29,6,15,6,2,0,2,0.206896558,0.517241359,0.206896558,6.90E-02,0,6.90E-02
308,Malcolm X Elementary School @ Green,5,29,5,7,10,7,0,7,0.172413796,0.241379306,0.344827592,0.241379306,0,0.241379306,29,7,6,11,5,0,5,0.241379306,0.206896558,0.37931034,0.172413796,0,0.172413796
308,Malcolm X Elementary School @ Green,ALL,93,31,29,20,13,0,13,0.333333343,0.311827958,0.215053767,0.139784947,0,0.139784947,93,22,36,25,10,0,10,0.236559138,0.387096763,0.268817216,0.107526883,0,0.107526883
309,Seaton Elementary School,3,44,14,11,10,7,2,9,0.318181813,0.25,0.227272734,0.159090906,4.55E-02,0.204545453,44,10,7,10,14,3,17,0.227272734,0.159090906,0.227272734,0.318181813,6.82E-02,0.386363626
309,Seaton Elementary School,4,40,8,11,10,9,2,11,0.200000003,0.275000006,0.25,0.224999994,5.00E-02,0.275000006,40,12,9,12,7,0,7,0.300000012,0.224999994,0.300000012,0.174999997,0,0.174999997
309,Seaton Elementary School,5,29,6,7,9,7,0,7,0.206896558,0.241379306,0.310344815,0.241379306,0,0.241379306,29,1,5,13,9,1,10,3.45E-02,0.172413796,0.448275864,0.310344815,3.45E-02,0.344827592
309,Seaton Elementary School,ALL,113,28,29,29,23,4,27,0.24778761,0.256637156,0.256637156,0.203539819,3.54E-02,0.238938048,113,23,21,35,30,4,34,0.203539819,0.185840711,0.309734523,0.265486717,3.54E-02,0.300884962
313,Shepherd Elementary School,3,43,7,5,16,11,4,15,0.162790701,0.116279073,0.372093022,0.255813956,9.30E-02,0.348837197,43,2,2,9,22,8,30,4.65E-02,4.65E-02,0.209302321,0.511627913,0.186046511,0.697674394
313,Shepherd Elementary School,4,47,5,6,8,19,9,28,0.106382981,0.127659574,0.170212761,0.404255331,0.191489369,0.595744669,47,5,9,10,20,3,23,0.106382981,0.191489369,0.212765962,0.425531924,6.38E-02,0.489361703
313,Shepherd Elementary School,5,44,0,6,8,29,1,30,0,0.13636364,0.181818187,0.659090936,2.27E-02,0.681818187,44,7,4,10,20,3,23,0.159090906,9.09E-02,0.227272734,0.454545468,6.82E-02,0.522727251
313,Shepherd Elementary School,ALL,134,12,17,32,59,14,73,8.96E-02,0.12686567,0.238805965,0.440298498,0.104477614,0.544776142,134,14,15,29,62,14,76,0.104477614,0.111940302,0.216417909,0.462686568,0.104477614,0.567164183
315,Simon Elementary School,3,36,15,7,6,7,1,8,0.416666657,0.194444448,0.166666672,0.194444448,2.78E-02,0.222222224,36,16,9,6,4,1,5,0.444444448,0.25,0.166666672,0.111111112,2.78E-02,0.138888896
315,Simon Elementary School,4,35,12,12,6,5,0,5,0.342857152,0.342857152,0.171428576,0.142857149,0,0.142857149,35,8,16,8,3,0,3,0.22857143,0.45714286,0.22857143,8.57E-02,0,8.57E-02
315,Simon Elementary School,5,50,15,15,15,5,0,5,0.300000012,0.300000012,0.300000012,0.100000001,0,0.100000001,50,11,27,8,4,0,4,0.219999999,0.540000021,0.159999996,8.00E-02,0,8.00E-02
315,Simon Elementary School,ALL,121,42,34,27,17,1,18,0.34710744,0.280991733,0.223140493,0.140495867,8.26E-03,0.148760334,121,35,52,22,11,1,12,0.289256185,0.429752052,0.181818187,9.09E-02,8.26E-03,9.92E-02
316,Randle Highlands Elementary School,3,48,21,8,14,5,0,5,0.4375,0.166666672,0.291666657,0.104166664,0,0.104166664,48,13,14,11,10,0,10,0.270833343,0.291666657,0.229166672,0.208333328,0,0.208333328
316,Randle Highlands Elementary School,4,30,14,8,3,5,0,5,0.466666669,0.266666681,0.100000001,0.166666672,0,0.166666672,30,9,8,10,3,0,3,0.300000012,0.266666681,0.333333343,0.100000001,0,0.100000001
316,Randle Highlands Elementary School,5,42,13,13,12,4,0,4,0.309523821,0.309523821,0.285714298,9.52E-02,0,9.52E-02,42,12,12,12,6,0,6,0.285714298,0.285714298,0.285714298,0.142857149,0,0.142857149
316,Randle Highlands Elementary School,ALL,120,48,29,29,14,0,14,0.400000006,0.24166666,0.24166666,0.116666667,0,0.116666667,120,34,34,33,19,0,19,0.283333331,0.283333331,0.275000006,0.158333331,0,0.158333331
319,Stanton Elementary School,3,63,23,23,12,5,0,5,0.365079373,0.365079373,0.190476194,7.94E-02,0,7.94E-02,63,9,15,25,13,1,14,0.142857149,0.238095239,0.396825403,0.206349209,1.59E-02,0.222222224
319,Stanton Elementary School,4,75,21,27,21,6,0,6,0.280000001,0.360000014,0.280000001,8.00E-02,0,8.00E-02,75,20,19,27,9,0,9,0.266666681,0.25333333,0.360000014,0.119999997,0,0.119999997
319,Stanton Elementary School,5,73,32,16,15,10,0,10,0.438356161,0.219178081,0.205479458,0.1369863,0,0.1369863,73,17,19,22,15,0,15,0.232876718,0.260273963,0.301369876,0.205479458,0,0.205479458
319,Stanton Elementary School,ALL,211,76,66,48,21,0,21,0.360189587,0.312796205,0.227488145,9.95E-02,0,9.95E-02,211,46,53,74,37,1,38,0.218009472,0.251184821,0.350710899,0.175355449,4.74E-03,0.180094793
321,Stoddert Elementary School,3,71,2,6,15,40,8,48,2.82E-02,8.45E-02,0.211267605,0.563380301,0.112676054,0.676056325,70,0,5,11,27,27,54,0,7.14E-02,0.157142863,0.385714293,0.385714293,0.771428585
321,Stoddert Elementary School,4,59,0,2,3,31,23,54,0,3.39E-02,5.08E-02,0.525423706,0.3898305,0.915254235,59,1,1,2,33,22,55,1.69E-02,1.69E-02,3.39E-02,0.559322059,0.372881353,0.932203412
321,Stoddert Elementary School,5,45,0,2,12,27,4,31,0,4.44E-02,0.266666681,0.600000024,8.89E-02,0.688888907,45,0,3,7,26,9,35,0,6.67E-02,0.155555561,0.577777803,0.200000003,0.777777791
321,Stoddert Elementary School,ALL,175,2,10,30,98,35,133,1.14E-02,5.71E-02,0.171428576,0.560000002,0.200000003,0.75999999,174,1,9,20,86,58,144,5.75E-03,5.17E-02,0.114942528,0.494252861,0.333333343,0.827586234
322,Smothers Elementary School,3,24,11,6,6,1,0,1,0.458333343,0.25,0.25,4.17E-02,0,4.17E-02,24,11,4,5,4,0,4,0.458333343,0.166666672,0.208333328,0.166666672,0,0.166666672
322,Smothers Elementary School,4,28,17,6,5,0,0,0,0.607142866,0.214285716,0.178571433,0,0,0,28,17,7,2,2,0,2,0.607142866,0.25,7.14E-02,7.14E-02,0,7.14E-02
322,Smothers Elementary School,5,21,6,8,5,1,1,2,0.285714298,0.380952388,0.238095239,4.76E-02,4.76E-02,9.52E-02,21,7,4,9,1,0,1,0.333333343,0.190476194,0.428571433,4.76E-02,0,4.76E-02
322,Smothers Elementary School,ALL,73,34,20,16,2,1,3,0.465753436,0.273972601,0.219178081,2.74E-02,1.37E-02,4.11E-02,73,35,15,16,7,0,7,0.479452044,0.205479458,0.219178081,9.59E-02,0,9.59E-02
324,Takoma Education Campus,3,49,18,9,16,6,0,6,0.367346942,0.183673471,0.326530606,0.122448981,0,0.122448981,48,14,11,14,9,0,9,0.291666657,0.229166672,0.291666657,0.1875,0,0.1875
324,Takoma Education Campus,4,41,10,11,5,15,0,15,0.243902445,0.268292695,0.121951222,0.365853667,0,0.365853667,41,18,4,8,11,0,11,0.439024389,9.76E-02,0.195121944,0.268292695,0,0.268292695
324,Takoma Education Campus,5,46,21,10,10,5,0,5,0.456521749,0.217391297,0.217391297,0.108695649,0,0.108695649,46,24,9,9,4,0,4,0.521739125,0.195652172,0.195652172,8.70E-02,0,8.70E-02
324,Takoma Education Campus,6,34,8,13,10,3,0,3,0.235294119,0.382352948,0.294117659,8.82E-02,0,8.82E-02,33,11,9,10,3,0,3,0.333333343,0.272727281,0.303030312,9.09E-02,0,9.09E-02
324,Takoma Education Campus,7,38,8,6,6,16,2,18,0.210526317,0.157894731,0.157894731,0.421052635,5.26E-02,0.473684222,38,7,17,11,2,1,3,0.184210524,0.447368413,0.289473683,5.26E-02,2.63E-02,7.89E-02
324,Takoma Education Campus,8,31,13,3,8,7,0,7,0.419354826,9.68E-02,0.258064508,0.225806445,0,0.225806445,31,17,7,6,1,0,1,0.54838711,0.225806445,0.193548381,3.23E-02,0,3.23E-02
324,Takoma Education Campus,ALL,239,78,52,55,52,2,54,0.326359838,0.217573225,0.230125517,0.217573225,8.37E-03,0.22594142,237,91,57,58,30,1,31,0.383966237,0.240506336,0.244725734,0.12658228,4.22E-03,0.130801693
325,Thomas Elementary School,3,38,20,10,7,1,0,1,0.526315808,0.263157904,0.184210524,2.63E-02,0,2.63E-02,37,16,12,7,2,0,2,0.432432443,0.32432431,0.189189196,5.41E-02,0,5.41E-02
325,Thomas Elementary School,4,42,14,11,10,7,0,7,0.333333343,0.261904776,0.238095239,0.166666672,0,0.166666672,42,17,16,8,1,0,1,0.40476191,0.380952388,0.190476194,2.38E-02,0,2.38E-02
325,Thomas Elementary School,5,46,11,16,16,3,0,3,0.239130437,0.347826093,0.347826093,6.52E-02,0,6.52E-02,46,21,17,5,3,0,3,0.456521749,0.369565219,0.108695649,6.52E-02,0,6.52E-02
325,Thomas Elementary School,ALL,126,45,37,33,11,0,11,0.357142866,0.293650806,0.261904776,8.73E-02,0,8.73E-02,125,54,45,20,6,0,6,0.432000011,0.360000014,0.159999996,4.80E-02,0,4.80E-02
326,Thomson Elementary School,3,31,12,6,3,10,0,10,0.387096763,0.193548381,9.68E-02,0.322580636,0,0.322580636,31,5,3,8,12,3,15,0.161290318,9.68E-02,0.258064508,0.387096763,9.68E-02,0.483870953
326,Thomson Elementary School,4,41,7,13,16,5,0,5,0.170731708,0.317073166,0.390243888,0.121951222,0,0.121951222,41,6,15,9,10,1,11,0.146341458,0.365853667,0.219512194,0.243902445,2.44E-02,0.268292695
326,Thomson Elementary School,5,30,3,11,9,6,1,7,0.100000001,0.366666675,0.300000012,0.200000003,3.33E-02,0.233333334,30,4,6,13,7,0,7,0.13333334,0.200000003,0.433333337,0.233333334,0,0.233333334
326,Thomson Elementary School,ALL,102,22,30,28,21,1,22,0.215686277,0.294117659,0.274509817,0.205882356,9.80E-03,0.215686277,102,15,24,30,29,4,33,0.14705883,0.235294119,0.294117659,0.284313738,3.92E-02,0.323529422
327,Truesdell Education Campus,3,69,15,15,11,28,0,28,0.217391297,0.217391297,0.159420297,0.405797094,0,0.405797094,69,12,16,16,22,3,25,0.173913047,0.231884062,0.231884062,0.318840593,4.35E-02,0.362318844
327,Truesdell Education Campus,4,67,13,6,22,17,9,26,0.194029853,8.96E-02,0.328358203,0.25373134,0.134328365,0.388059705,67,18,17,10,22,0,22,0.268656731,0.25373134,0.149253726,0.328358203,0,0.328358203
327,Truesdell Education Campus,5,71,12,16,15,25,3,28,0.169014081,0.225352108,0.211267605,0.352112681,4.23E-02,0.394366205,71,19,17,14,20,1,21,0.267605633,0.239436626,0.197183102,0.28169015,1.41E-02,0.295774639
327,Truesdell Education Campus,6,65,5,16,18,24,2,26,7.69E-02,0.246153846,0.27692309,0.369230777,3.08E-02,0.400000006,65,11,20,21,12,1,13,0.169230774,0.307692319,0.323076934,0.184615389,1.54E-02,0.200000003
327,Truesdell Education Campus,7,55,9,9,13,22,2,24,0.163636357,0.163636357,0.236363634,0.400000006,3.64E-02,0.436363637,55,12,20,13,10,0,10,0.218181819,0.363636374,0.236363634,0.181818187,0,0.181818187
327,Truesdell Education Campus,8,47,15,7,15,10,0,10,0.319148928,0.148936167,0.319148928,0.212765962,0,0.212765962,47,23,11,9,4,0,4,0.489361703,0.234042555,0.191489369,8.51E-02,0,8.51E-02
327,Truesdell Education Campus,ALL,374,69,69,94,126,16,142,0.184491977,0.184491977,0.251336902,0.336898386,4.28E-02,0.379679143,374,95,101,83,90,5,95,0.254010707,0.270053476,0.221925139,0.240641713,1.34E-02,0.254010707
328,Tubman Elementary School,3,54,14,11,13,16,0,16,0.259259254,0.203703701,0.240740746,0.296296299,0,0.296296299,53,1,6,22,21,3,24,1.89E-02,0.113207549,0.415094346,0.396226406,5.66E-02,0.452830195
328,Tubman Elementary School,4,85,11,31,25,14,4,18,0.129411772,0.36470589,0.294117659,0.164705887,4.71E-02,0.211764708,85,10,29,24,22,0,22,0.117647059,0.34117648,0.282352954,0.258823544,0,0.258823544
328,Tubman Elementary School,5,60,8,23,25,4,0,4,0.13333334,0.383333325,0.416666657,6.67E-02,0,6.67E-02,60,4,15,23,18,0,18,6.67E-02,0.25,0.383333325,0.300000012,0,0.300000012
328,Tubman Elementary School,ALL,199,33,65,63,34,4,38,0.165829152,0.326633155,0.316582918,0.17085427,2.01E-02,0.190954775,198,15,50,69,61,3,64,7.58E-02,0.25252524,0.348484844,0.308080822,1.52E-02,0.323232323
329,Turner Elementary School,3,57,30,13,4,9,1,10,0.526315808,0.22807017,7.02E-02,0.157894731,1.75E-02,0.175438598,57,19,10,17,11,0,11,0.333333343,0.175438598,0.298245609,0.19298245,0,0.19298245
329,Turner Elementary School,4,62,12,17,19,12,2,14,0.193548381,0.274193555,0.306451619,0.193548381,3.23E-02,0.225806445,63,13,21,17,11,1,12,0.206349209,0.333333343,0.269841284,0.174603179,1.59E-02,0.190476194
329,Turner Elementary School,5,61,24,15,14,8,0,8,0.393442631,0.245901644,0.229508191,0.131147534,0,0.131147534,61,25,19,11,5,1,6,0.409836054,0.311475396,0.180327863,8.20E-02,1.64E-02,9.84E-02
329,Turner Elementary School,ALL,180,66,45,37,29,3,32,0.366666675,0.25,0.205555558,0.161111116,1.67E-02,0.177777782,181,57,50,45,27,2,29,0.314917117,0.276243091,0.248618782,0.149171278,1.10E-02,0.160220996
330,Tyler Elementary School,3,59,15,17,17,9,1,10,0.254237294,0.288135588,0.288135588,0.152542368,1.69E-02,0.169491529,59,15,16,14,10,4,14,0.254237294,0.271186441,0.237288132,0.169491529,6.78E-02,0.237288132
330,Tyler Elementary School,4,56,7,10,19,16,4,20,0.125,0.178571433,0.339285702,0.285714298,7.14E-02,0.357142866,56,8,13,20,15,0,15,0.142857149,0.232142851,0.357142866,0.267857134,0,0.267857134
330,Tyler Elementary School,5,58,15,17,13,12,1,13,0.258620679,0.293103456,0.224137932,0.206896558,1.72E-02,0.224137932,58,9,20,22,5,2,7,0.155172408,0.344827592,0.37931034,8.62E-02,3.45E-02,0.120689653
330,Tyler Elementary School,ALL,173,37,44,49,37,6,43,0.213872835,0.254335254,0.28323698,0.213872835,3.47E-02,0.248554915,173,32,49,56,30,6,36,0.184971094,0.28323698,0.323699415,0.173410401,3.47E-02,0.208092481
332,Walker-Jones Education Campus,3,31,6,9,10,6,0,6,0.193548381,0.290322572,0.322580636,0.193548381,0,0.193548381,31,5,7,9,9,1,10,0.161290318,0.225806445,0.290322572,0.290322572,3.23E-02,0.322580636
332,Walker-Jones Education Campus,4,46,17,6,19,4,0,4,0.369565219,0.130434781,0.413043469,8.70E-02,0,8.70E-02,46,5,13,17,11,0,11,0.108695649,0.282608688,0.369565219,0.239130437,0,0.239130437
332,Walker-Jones Education Campus,5,33,7,13,7,6,0,6,0.212121218,0.393939406,0.212121218,0.181818187,0,0.181818187,33,11,9,8,4,1,5,0.333333343,0.272727281,0.24242425,0.121212125,3.03E-02,0.151515156
332,Walker-Jones Education Campus,6,22,1,11,8,2,0,2,4.55E-02,0.5,0.363636374,9.09E-02,0,9.09E-02,22,9,8,4,1,0,1,0.409090906,0.363636374,0.181818187,4.55E-02,0,4.55E-02
332,Walker-Jones Education Campus,7,27,8,3,7,9,0,9,0.296296299,0.111111112,0.259259254,0.333333343,0,0.333333343,27,7,11,8,1,0,1,0.259259254,0.407407403,0.296296299,3.70E-02,0,3.70E-02
332,Walker-Jones Education Campus,8,31,7,8,11,5,0,5,0.225806445,0.258064508,0.354838699,0.161290318,0,0.161290318,31,14,10,6,1,0,1,0.45161289,0.322580636,0.193548381,3.23E-02,0,3.23E-02
332,Walker-Jones Education Campus,ALL,190,46,50,62,32,0,32,0.24210526,0.263157904,0.32631579,0.16842106,0,0.16842106,190,51,58,52,27,2,29,0.268421054,0.305263162,0.273684204,0.142105266,1.05E-02,0.152631581
333,Watkins Elementary School (Capitol Hill Cluster),3,89,19,13,18,35,4,39,0.21348314,0.146067411,0.202247187,0.393258423,4.49E-02,0.438202262,88,5,11,26,30,16,46,5.68E-02,0.125,0.295454532,0.340909094,0.181818187,0.522727251
333,Watkins Elementary School (Capitol Hill Cluster),4,86,8,16,17,34,11,45,9.30E-02,0.186046511,0.197674423,0.395348847,0.127906978,0.523255825,86,5,16,22,39,4,43,5.81E-02,0.186046511,0.255813956,0.45348838,4.65E-02,0.5
333,Watkins Elementary School (Capitol Hill Cluster),5,78,6,15,17,31,9,40,7.69E-02,0.192307696,0.21794872,0.397435904,0.115384616,0.512820542,78,4,17,22,29,6,35,5.13E-02,0.21794872,0.282051295,0.371794879,7.69E-02,0.448717952
333,Watkins Elementary School (Capitol Hill Cluster),ALL,253,33,44,52,100,24,124,0.130434781,0.173913047,0.205533594,0.395256907,9.49E-02,0.490118563,252,14,44,70,98,26,124,5.56E-02,0.174603179,0.277777791,0.388888896,0.103174604,0.492063493
335,Wheatley Education Campus,3,24,15,4,3,2,0,2,0.625,0.166666672,0.125,8.33E-02,0,8.33E-02,24,5,11,5,3,0,3,0.208333328,0.458333343,0.208333328,0.125,0,0.125
335,Wheatley Education Campus,4,34,9,12,8,5,0,5,0.264705896,0.352941185,0.235294119,0.14705883,0,0.14705883,33,12,10,8,3,0,3,0.363636374,0.303030312,0.24242425,9.09E-02,0,9.09E-02
335,Wheatley Education Campus,5,29,11,6,6,6,0,6,0.37931034,0.206896558,0.206896558,0.206896558,0,0.206896558,29,12,7,6,4,0,4,0.413793117,0.241379306,0.206896558,0.137931034,0,0.137931034
335,Wheatley Education Campus,6,26,2,6,9,9,0,9,7.69E-02,0.230769232,0.346153855,0.346153855,0,0.346153855,26,4,13,8,1,0,1,0.15384616,0.5,0.307692319,3.85E-02,0,3.85E-02
335,Wheatley Education Campus,7,23,3,1,13,6,0,6,0.130434781,4.35E-02,0.565217376,0.260869563,0,0.260869563,23,3,12,7,1,0,1,0.130434781,0.521739125,0.304347813,4.35E-02,0,4.35E-02
335,Wheatley Education Campus,8,18,1,7,9,1,0,1,5.56E-02,0.388888896,0.5,5.56E-02,0,5.56E-02,18,6,8,3,1,0,1,0.333333343,0.444444448,0.166666672,5.56E-02,0,5.56E-02
335,Wheatley Education Campus,ALL,154,41,36,48,29,0,29,0.266233772,0.233766228,0.311688304,0.188311681,0,0.188311681,153,42,61,37,13,0,13,0.274509817,0.398692816,0.241830066,8.50E-02,0,8.50E-02
336,West Education Campus,3,32,8,11,9,3,1,4,0.25,0.34375,0.28125,9.38E-02,3.13E-02,0.125,32,4,11,10,5,2,7,0.125,0.34375,0.3125,0.15625,6.25E-02,0.21875
336,West Education Campus,4,43,4,11,12,14,2,16,9.30E-02,0.255813956,0.279069781,0.325581402,4.65E-02,0.372093022,43,2,10,14,15,2,17,4.65E-02,0.232558146,0.325581402,0.348837197,4.65E-02,0.395348847
336,West Education Campus,5,29,0,9,8,10,2,12,0,0.310344815,0.275862068,0.344827592,6.90E-02,0.413793117,29,2,8,9,10,0,10,6.90E-02,0.275862068,0.310344815,0.344827592,0,0.344827592
336,West Education Campus,6,28,3,6,7,12,0,12,0.107142858,0.214285716,0.25,0.428571433,0,0.428571433,28,6,10,8,4,0,4,0.214285716,0.357142866,0.285714298,0.142857149,0,0.142857149
336,West Education Campus,7,16,4,1,3,7,1,8,0.25,6.25E-02,0.1875,0.4375,6.25E-02,0.5,16,2,5,4,5,0,5,0.125,0.3125,0.25,0.3125,0,0.3125
336,West Education Campus,8,24,5,5,6,8,0,8,0.208333328,0.208333328,0.25,0.333333343,0,0.333333343,24,8,5,6,5,0,5,0.333333343,0.208333328,0.25,0.208333328,0,0.208333328
336,West Education Campus,ALL,172,24,43,45,54,6,60,0.139534891,0.25,0.261627913,0.313953489,3.49E-02,0.348837197,172,24,49,51,44,4,48,0.139534891,0.284883708,0.29651162,0.255813956,2.33E-02,0.279069781
338,Whittier Education Campus,3,25,6,9,6,4,0,4,0.239999995,0.360000014,0.239999995,0.159999996,0,0.159999996,25,2,6,8,7,2,9,8.00E-02,0.239999995,0.319999993,0.280000001,8.00E-02,0.360000014
338,Whittier Education Campus,4,32,6,7,11,7,1,8,0.1875,0.21875,0.34375,0.21875,3.13E-02,0.25,32,1,7,11,12,1,13,3.13E-02,0.21875,0.34375,0.375,3.13E-02,0.40625
338,Whittier Education Campus,5,33,6,5,11,10,1,11,0.181818187,0.151515156,0.333333343,0.303030312,3.03E-02,0.333333343,33,8,8,7,10,0,10,0.24242425,0.24242425,0.212121218,0.303030312,0,0.303030312
338,Whittier Education Campus,6,21,1,8,5,7,0,7,4.76E-02,0.380952388,0.238095239,0.333333343,0,0.333333343,21,4,9,5,3,0,3,0.190476194,0.428571433,0.238095239,0.142857149,0,0.142857149
338,Whittier Education Campus,7,21,6,4,5,5,1,6,0.285714298,0.190476194,0.238095239,0.238095239,4.76E-02,0.285714298,21,1,6,8,6,0,6,4.76E-02,0.285714298,0.380952388,0.285714298,0,0.285714298
338,Whittier Education Campus,8,20,4,4,8,4,0,4,0.200000003,0.200000003,0.400000006,0.200000003,0,0.200000003,20,8,1,7,4,0,4,0.400000006,5.00E-02,0.349999994,0.200000003,0,0.200000003
338,Whittier Education Campus,ALL,152,29,37,46,37,3,40,0.190789476,0.243421048,0.302631587,0.243421048,1.97E-02,0.263157904,152,24,37,46,42,3,45,0.157894731,0.243421048,0.302631587,0.276315778,1.97E-02,0.296052635
339,J.O. Wilson Elementary School,3,67,27,13,18,8,1,9,0.402985066,0.194029853,0.268656731,0.119402982,1.49E-02,0.134328365,67,25,16,13,13,0,13,0.373134315,0.238805965,0.194029853,0.194029853,0,0.194029853
339,J.O. Wilson Elementary School,4,59,7,9,17,22,4,26,0.118644066,0.152542368,0.288135588,0.372881353,6.78E-02,0.440677971,59,7,14,24,14,0,14,0.118644066,0.237288132,0.406779647,0.237288132,0,0.237288132
339,J.O. Wilson Elementary School,5,52,8,4,17,23,0,23,0.15384616,7.69E-02,0.326923072,0.442307681,0,0.442307681,52,7,12,12,18,3,21,0.134615391,0.230769232,0.230769232,0.346153855,5.77E-02,0.403846145
339,J.O. Wilson Elementary School,ALL,178,42,26,52,53,5,58,0.23595506,0.146067411,0.292134821,0.297752798,2.81E-02,0.325842708,178,39,42,49,45,3,48,0.219101131,0.23595506,0.275280893,0.252808988,1.69E-02,0.269662917
344,King Elementary School,3,30,10,5,7,7,1,8,0.333333343,0.166666672,0.233333334,0.233333334,3.33E-02,0.266666681,30,3,10,6,8,3,11,0.100000001,0.333333343,0.200000003,0.266666681,0.100000001,0.366666675
344,King Elementary School,4,37,13,14,6,4,0,4,0.351351351,0.378378391,0.162162155,0.108108111,0,0.108108111,37,7,14,10,6,0,6,0.189189196,0.378378391,0.270270258,0.162162155,0,0.162162155
344,King Elementary School,5,48,18,12,13,5,0,5,0.375,0.25,0.270833343,0.104166664,0,0.104166664,48,12,15,15,6,0,6,0.25,0.3125,0.3125,0.125,0,0.125
344,King Elementary School,ALL,115,41,31,26,16,1,17,0.356521726,0.269565225,0.226086959,0.139130428,8.70E-03,0.14782609,115,22,39,31,20,3,23,0.191304341,0.339130431,0.269565225,0.173913047,2.61E-02,0.200000003
347,Brookland Middle School,6,64,14,21,19,10,0,10,0.21875,0.328125,0.296875,0.15625,0,0.15625,64,17,29,12,6,0,6,0.265625,0.453125,0.1875,9.38E-02,0,9.38E-02
347,Brookland Middle School,7,69,19,22,20,8,0,8,0.275362313,0.318840593,0.289855063,0.115942031,0,0.115942031,69,18,26,21,4,0,4,0.260869563,0.376811594,0.304347813,5.80E-02,0,5.80E-02
347,Brookland Middle School,8,89,32,28,19,8,2,10,0.359550565,0.314606756,0.21348314,8.99E-02,2.25E-02,0.112359554,89,49,30,9,1,0,1,0.550561786,0.337078661,0.101123594,1.12E-02,0,1.12E-02
347,Brookland Middle School,ALL,222,65,71,58,26,2,28,0.292792797,0.319819808,0.261261255,0.117117114,9.01E-03,0.126126125,222,84,85,42,11,0,11,0.378378391,0.382882893,0.189189196,4.95E-02,0,4.95E-02
349,Dorothy I. Height Elementary School,3,44,13,9,13,7,2,9,0.295454532,0.204545453,0.295454532,0.159090906,4.55E-02,0.204545453,44,5,7,14,13,5,18,0.113636367,0.159090906,0.318181813,0.295454532,0.113636367,0.409090906
349,Dorothy I. Height Elementary School,4,61,15,7,13,19,7,26,0.245901644,0.114754096,0.213114753,0.311475396,0.114754096,0.426229507,61,10,15,19,12,5,17,0.163934425,0.245901644,0.311475396,0.196721315,8.20E-02,0.27868852
349,Dorothy I. Height Elementary School,5,41,6,4,5,24,2,26,0.146341458,9.76E-02,0.121951222,0.585365832,4.88E-02,0.634146333,41,6,12,9,12,2,14,0.146341458,0.292682916,0.219512194,0.292682916,4.88E-02,0.341463417
349,Dorothy I. Height Elementary School,ALL,146,34,20,31,50,11,61,0.232876718,0.1369863,0.212328762,0.342465758,7.53E-02,0.417808205,146,21,34,42,37,12,49,0.143835619,0.232876718,0.287671238,0.253424644,8.22E-02,0.33561644
360,Capitol Hill Montessori School @ Logan,3,34,6,8,13,7,0,7,0.176470593,0.235294119,0.382352948,0.205882356,0,0.205882356,34,5,5,13,11,0,11,0.14705883,0.14705883,0.382352948,0.323529422,0,0.323529422
360,Capitol Hill Montessori School @ Logan,4,28,5,4,9,7,3,10,0.178571433,0.142857149,0.321428567,0.25,0.107142858,0.357142866,28,3,7,10,7,1,8,0.107142858,0.25,0.357142866,0.25,3.57E-02,0.285714298
360,Capitol Hill Montessori School @ Logan,5,20,2,2,9,6,1,7,0.100000001,0.100000001,0.449999988,0.300000012,5.00E-02,0.349999994,20,1,8,5,4,2,6,5.00E-02,0.400000006,0.25,0.200000003,0.100000001,0.300000012
360,Capitol Hill Montessori School @ Logan,6,n < 10,,,,,,,,,,,,,n < 10,,,,,,,,,,,,
360,Capitol Hill Montessori School @ Logan,7,16,0,1,5,10,0,10,0,6.25E-02,0.3125,0.625,0,0.625,16,0,2,8,6,0,6,0,0.125,0.5,0.375,0,0.375
360,Capitol Hill Montessori School @ Logan,8,17,1,1,7,5,3,8,5.88E-02,5.88E-02,0.411764711,0.294117659,0.176470593,0.470588237,17,2,7,3,5,0,5,0.117647059,0.411764711,0.176470593,0.294117659,0,0.294117659
360,Capitol Hill Montessori School @ Logan,ALL,121,15,17,45,36,8,44,0.12396694,0.140495867,0.371900827,0.297520667,6.61E-02,0.363636374,121,11,32,40,35,3,38,9.09E-02,0.264462799,0.330578506,0.289256185,2.48E-02,0.314049602
370,Langley Elementary School,3,33,15,9,6,3,0,3,0.454545468,0.272727281,0.181818187,9.09E-02,0,9.09E-02,33,15,6,8,3,1,4,0.454545468,0.181818187,0.24242425,9.09E-02,3.03E-02,0.121212125
370,Langley Elementary School,4,23,6,9,5,3,0,3,0.260869563,0.391304344,0.217391297,0.130434781,0,0.130434781,23,10,5,5,2,1,3,0.434782594,0.217391297,0.217391297,8.70E-02,4.35E-02,0.130434781
370,Langley Elementary School,5,40,19,11,6,4,0,4,0.474999994,0.275000006,0.150000006,0.100000001,0,0.100000001,40,23,10,6,1,0,1,0.574999988,0.25,0.150000006,2.50E-02,0,2.50E-02
370,Langley Elementary School,ALL,96,40,29,17,10,0,10,0.416666657,0.302083343,0.177083328,0.104166664,0,0.104166664,96,48,21,19,6,2,8,0.5,0.21875,0.197916672,6.25E-02,2.08E-02,8.33E-02
402,Benjamin Banneker High School,ALL,112,1,0,8,64,39,103,8.93E-03,0,7.14E-02,0.571428597,0.348214298,0.919642866,115,1,5,29,71,9,80,8.70E-03,4.35E-02,0.252173901,0.617391288,7.83E-02,0.695652187
402,Benjamin Banneker High School,HS,112,1,0,8,64,39,103,8.93E-03,0,7.14E-02,0.571428597,0.348214298,0.919642866,115,1,5,29,71,9,80,8.70E-03,4.35E-02,0.252173901,0.617391288,7.83E-02,0.695652187
404,Browne Education Campus,3,33,14,6,6,7,0,7,0.424242437,0.181818187,0.181818187,0.212121218,0,0.212121218,33,9,7,11,5,1,6,0.272727281,0.212121218,0.333333343,0.151515156,3.03E-02,0.181818187
404,Browne Education Campus,4,26,8,10,4,4,0,4,0.307692319,0.384615391,0.15384616,0.15384616,0,0.15384616,26,12,7,5,2,0,2,0.461538464,0.269230783,0.192307696,7.69E-02,0,7.69E-02
404,Browne Education Campus,5,17,7,5,5,0,0,0,0.411764711,0.294117659,0.294117659,0,0,0,17,8,5,4,0,0,0,0.470588237,0.294117659,0.235294119,0,0,0
404,Browne Education Campus,6,34,15,10,8,1,0,1,0.441176474,0.294117659,0.235294119,2.94E-02,0,2.94E-02,35,15,13,5,2,0,2,0.428571433,0.371428579,0.142857149,5.71E-02,0,5.71E-02
404,Browne Education Campus,7,20,6,4,6,4,0,4,0.300000012,0.200000003,0.300000012,0.200000003,0,0.200000003,20,1,7,6,6,0,6,5.00E-02,0.349999994,0.300000012,0.300000012,0,0.300000012
404,Browne Education Campus,8,19,3,5,4,6,1,7,0.157894731,0.263157904,0.210526317,0.315789461,5.26E-02,0.368421048,19,6,3,3,7,0,7,0.315789461,0.157894731,0.157894731,0.368421048,0,0.368421048
404,Browne Education Campus,ALL,149,53,40,33,22,1,23,0.355704695,0.26845637,0.22147651,0.147651002,6.71E-03,0.15436241,150,51,42,34,22,1,23,0.340000004,0.280000001,0.226666674,0.146666661,6.67E-03,0.153333336
405,Deal Middle School,6,470,21,37,66,181,165,346,4.47E-02,7.87E-02,0.140425533,0.385106385,0.351063818,0.736170232,470,14,51,102,207,96,303,2.98E-02,0.108510636,0.217021272,0.440425545,0.204255313,0.644680858
405,Deal Middle School,7,509,20,26,55,161,247,408,3.93E-02,5.11E-02,0.10805501,0.316306472,0.485265225,0.801571727,510,12,56,99,256,87,343,2.35E-02,0.109803922,0.19411765,0.501960814,0.17058824,0.672549009
405,Deal Middle School,8,444,22,35,58,181,148,329,4.95E-02,7.88E-02,0.130630627,0.407657653,0.333333343,0.740990996,444,29,54,96,233,32,265,6.53E-02,0.121621624,0.216216221,0.52477479,7.21E-02,0.596846819
405,Deal Middle School,ALL,1423,63,98,179,523,560,1083,4.43E-02,6.89E-02,0.125790581,0.367533386,0.39353478,0.761068165,1424,55,161,297,696,215,911,3.86E-02,0.113061801,0.208567411,0.488764048,0.15098314,0.639747202
407,Eliot-Hine Middle School,6,58,22,17,12,7,0,7,0.37931034,0.293103456,0.206896558,0.120689653,0,0.120689653,58,28,23,6,1,0,1,0.482758611,0.396551728,0.103448279,1.72E-02,0,1.72E-02
407,Eliot-Hine Middle School,7,55,17,13,16,5,4,9,0.309090912,0.236363634,0.290909082,9.09E-02,7.27E-02,0.163636357,53,22,23,4,3,1,4,0.415094346,0.433962256,7.55E-02,5.66E-02,1.89E-02,7.55E-02
407,Eliot-Hine Middle School,8,46,21,11,10,4,0,4,0.456521749,0.239130437,0.217391297,8.70E-02,0,8.70E-02,46,33,9,2,2,0,2,0.717391312,0.195652172,4.35E-02,4.35E-02,0,4.35E-02
407,Eliot-Hine Middle School,ALL,159,60,41,38,16,4,20,0.377358496,0.257861644,0.238993704,0.100628927,2.52E-02,0.12578617,157,83,55,12,6,1,7,0.528662443,0.350318462,7.64E-02,3.82E-02,6.37E-03,4.46E-02
409,School Without Walls @ Francis-Stevens,3,40,10,9,11,10,0,10,0.25,0.224999994,0.275000006,0.25,0,0.25,40,4,4,13,14,5,19,0.100000001,0.100000001,0.324999988,0.349999994,0.125,0.474999994
409,School Without Walls @ Francis-Stevens,4,43,9,6,11,11,6,17,0.209302321,0.139534891,0.255813956,0.255813956,0.139534891,0.395348847,43,7,14,8,12,2,14,0.162790701,0.325581402,0.186046511,0.279069781,4.65E-02,0.325581402
409,School Without Walls @ Francis-Stevens,5,42,6,5,16,14,1,15,0.142857149,0.119047619,0.380952388,0.333333343,2.38E-02,0.357142866,42,2,6,8,22,4,26,4.76E-02,0.142857149,0.190476194,0.523809552,9.52E-02,0.619047642
409,School Without Walls @ Francis-Stevens,6,49,4,12,16,17,0,17,8.16E-02,0.244897962,0.326530606,0.346938789,0,0.346938789,49,4,11,14,19,1,20,8.16E-02,0.224489793,0.285714298,0.387755096,2.04E-02,0.408163279
409,School Without Walls @ Francis-Stevens,7,46,5,6,13,14,8,22,0.108695649,0.130434781,0.282608688,0.304347813,0.173913047,0.478260875,46,0,10,13,21,2,23,0,0.217391297,0.282608688,0.456521749,4.35E-02,0.5
409,School Without Walls @ Francis-Stevens,8,41,4,6,9,19,3,22,9.76E-02,0.146341458,0.219512194,0.463414639,7.32E-02,0.536585391,41,7,11,13,10,0,10,0.170731708,0.268292695,0.317073166,0.243902445,0,0.243902445
409,School Without Walls @ Francis-Stevens,ALL,261,38,44,76,85,18,103,0.145593867,0.16858238,0.291187733,0.325670511,6.90E-02,0.394636005,261,24,56,69,98,14,112,9.20E-02,0.214559391,0.264367819,0.375478923,5.36E-02,0.429118782
413,Hart Middle School,6,107,39,42,15,11,0,11,0.364485979,0.392523378,0.140186921,0.102803737,0,0.102803737,107,53,34,16,4,0,4,0.495327115,0.31775701,0.149532706,3.74E-02,0,3.74E-02
413,Hart Middle School,7,110,65,22,19,3,1,4,0.590909064,0.200000003,0.172727272,2.73E-02,9.09E-03,3.64E-02,110,39,54,13,4,0,4,0.354545444,0.4909091,0.118181817,3.64E-02,0,3.64E-02
413,Hart Middle School,8,93,52,20,16,5,0,5,0.559139788,0.215053767,0.172043011,5.38E-02,0,5.38E-02,94,59,24,9,2,0,2,0.627659559,0.255319148,9.57E-02,2.13E-02,0,2.13E-02
413,Hart Middle School,ALL,310,156,84,50,19,1,20,0.503225803,0.270967752,0.161290318,6.13E-02,3.23E-03,6.45E-02,311,151,112,38,10,0,10,0.485530555,0.360128611,0.122186497,3.22E-02,0,3.22E-02
416,Johnson Middle School,6,86,26,30,22,7,1,8,0.302325577,0.348837197,0.255813956,8.14E-02,1.16E-02,9.30E-02,86,45,28,9,3,1,4,0.523255825,0.325581402,0.104651161,3.49E-02,1.16E-02,4.65E-02
416,Johnson Middle School,7,75,25,21,16,12,1,13,0.333333343,0.280000001,0.213333338,0.159999996,1.33E-02,0.173333332,71,24,27,17,3,0,3,0.338028163,0.380281687,0.239436626,4.23E-02,0,4.23E-02
416,Johnson Middle School,8,74,31,22,14,7,0,7,0.418918908,0.297297299,0.189189196,9.46E-02,0,9.46E-02,75,49,24,2,0,0,0,0.653333306,0.319999993,2.67E-02,0,0,0
416,Johnson Middle School,ALL,235,82,73,52,26,2,28,0.34893617,0.310638309,0.221276596,0.110638298,8.51E-03,0.11914894,232,118,79,28,6,1,7,0.508620679,0.340517253,0.120689653,2.59E-02,4.31E-03,3.02E-02
417,Kramer Middle School,6,57,22,22,11,2,0,2,0.3859649,0.3859649,0.19298245,3.51E-02,0,3.51E-02,57,24,27,4,2,0,2,0.421052635,0.473684222,7.02E-02,3.51E-02,0,3.51E-02
417,Kramer Middle School,7,64,39,14,10,1,0,1,0.609375,0.21875,0.15625,1.56E-02,0,1.56E-02,64,27,35,2,0,0,0,0.421875,0.546875,3.13E-02,0,0,0
417,Kramer Middle School,8,60,28,23,7,2,0,2,0.466666669,0.383333325,0.116666667,3.33E-02,0,3.33E-02,57,44,11,2,0,0,0,0.771929801,0.19298245,3.51E-02,0,0,0
417,Kramer Middle School,ALL,181,89,59,28,5,0,5,0.491712719,0.325966865,0.154696137,2.76E-02,0,2.76E-02,178,95,73,8,2,0,2,0.533707857,0.410112351,4.49E-02,1.12E-02,0,1.12E-02
420,MacFarland Middle School,6,61,12,15,22,12,0,12,0.196721315,0.245901644,0.360655725,0.196721315,0,0.196721315,61,9,21,21,10,0,10,0.147540987,0.344262302,0.344262302,0.163934425,0,0.163934425
420,MacFarland Middle School,7,68,12,16,20,17,3,20,0.176470593,0.235294119,0.294117659,0.25,4.41E-02,0.294117659,68,17,20,20,10,1,11,0.25,0.294117659,0.294117659,0.14705883,1.47E-02,0.161764711
420,MacFarland Middle School,ALL,129,24,31,42,29,3,32,0.186046511,0.240310073,0.325581402,0.224806204,2.33E-02,0.248062015,129,26,41,41,20,1,21,0.201550394,0.31782946,0.31782946,0.155038759,7.75E-03,0.162790701
421,Kelly Miller Middle School,6,120,44,38,25,12,1,13,0.366666675,0.316666663,0.208333328,0.100000001,8.33E-03,0.108333334,120,50,51,15,4,0,4,0.416666657,0.425000012,0.125,3.33E-02,0,3.33E-02
421,Kelly Miller Middle School,7,120,32,25,35,24,4,28,0.266666681,0.208333328,0.291666657,0.200000003,3.33E-02,0.233333334,120,29,52,32,7,0,7,0.24166666,0.433333337,0.266666681,5.83E-02,0,5.83E-02
421,Kelly Miller Middle School,8,114,42,32,25,14,1,15,0.368421048,0.280701756,0.219298244,0.122807018,8.77E-03,0.131578952,113,56,34,17,6,0,6,0.495575219,0.300884962,0.150442481,5.31E-02,0,5.31E-02
421,Kelly Miller Middle School,ALL,354,118,95,85,50,6,56,0.333333343,0.268361568,0.24011299,0.141242936,1.69E-02,0.158192083,353,135,137,64,17,0,17,0.382436275,0.388101995,0.181303114,4.82E-02,0,4.82E-02
427,Sousa Middle School,6,64,25,24,9,6,0,6,0.390625,0.375,0.140625,9.38E-02,0,9.38E-02,63,17,23,22,1,0,1,0.269841284,0.365079373,0.349206358,1.59E-02,0,1.59E-02
427,Sousa Middle School,7,82,29,21,22,10,0,10,0.353658527,0.256097555,0.268292695,0.121951222,0,0.121951222,83,27,39,16,1,0,1,0.3253012,0.469879508,0.192771077,1.20E-02,0,1.20E-02
427,Sousa Middle School,8,71,27,25,14,5,0,5,0.380281687,0.352112681,0.197183102,7.04E-02,0,7.04E-02,71,48,20,3,0,0,0,0.676056325,0.28169015,4.23E-02,0,0,0
427,Sousa Middle School,ALL,217,81,70,45,21,0,21,0.373271883,0.322580636,0.207373276,9.68E-02,0,9.68E-02,217,92,82,41,2,0,2,0.42396313,0.377880186,0.188940093,9.22E-03,0,9.22E-03
428,Stuart-Hobson Middle School (Capitol Hill Cluster),6,142,13,33,36,49,11,60,9.15E-02,0.232394367,0.253521115,0.345070422,7.75E-02,0.422535211,140,17,58,36,24,5,29,0.121428572,0.414285719,0.257142872,0.171428576,3.57E-02,0.20714286
428,Stuart-Hobson Middle School (Capitol Hill Cluster),7,140,12,25,37,46,20,66,8.57E-02,0.178571433,0.264285713,0.328571439,0.142857149,0.471428573,140,26,51,29,27,7,34,0.18571429,0.364285707,0.20714286,0.192857146,5.00E-02,0.242857143
428,Stuart-Hobson Middle School (Capitol Hill Cluster),8,127,8,24,35,47,13,60,6.30E-02,0.188976377,0.275590539,0.370078743,0.102362208,0.472440958,127,47,30,24,23,3,26,0.370078743,0.236220479,0.188976377,0.181102365,2.36E-02,0.204724416
428,Stuart-Hobson Middle School (Capitol Hill Cluster),ALL,409,33,82,108,142,44,186,8.07E-02,0.200488999,0.264058679,0.347188264,0.107579462,0.454767734,407,90,139,89,74,15,89,0.221130222,0.341523349,0.218673214,0.181818187,3.69E-02,0.218673214
433,Jefferson Middle School Academy,6,109,23,27,31,28,0,28,0.211009175,0.247706428,0.284403682,0.25688073,0,0.25688073,111,17,29,38,24,3,27,0.153153151,0.261261255,0.342342347,0.216216221,2.70E-02,0.243243247
433,Jefferson Middle School Academy,7,97,11,20,23,36,7,43,0.113402061,0.206185564,0.237113401,0.371134013,7.22E-02,0.443298966,98,15,36,32,14,1,15,0.153061226,0.367346942,0.326530606,0.142857149,1.02E-02,0.153061226
433,Jefferson Middle School Academy,8,84,22,11,30,18,3,21,0.261904776,0.130952388,0.357142866,0.214285716,3.57E-02,0.25,85,34,28,13,10,0,10,0.400000006,0.329411775,0.152941182,0.117647059,0,0.117647059
433,Jefferson Middle School Academy,ALL,290,56,58,84,82,10,92,0.193103448,0.200000003,0.289655179,0.282758623,3.45E-02,0.317241371,294,66,93,83,48,4,52,0.224489793,0.316326529,0.28231293,0.163265303,1.36E-02,0.176870748
435,McKinley Middle School,6,71,21,15,22,11,2,13,0.295774639,0.211267605,0.309859157,0.154929578,2.82E-02,0.183098584,70,24,25,13,8,0,8,0.342857152,0.357142866,0.18571429,0.114285715,0,0.114285715
435,McKinley Middle School,7,81,20,14,21,25,1,26,0.246913582,0.172839507,0.259259254,0.30864197,1.23E-02,0.320987642,82,26,35,20,1,0,1,0.317073166,0.426829278,0.243902445,1.22E-02,0,1.22E-02
435,McKinley Middle School,8,60,15,24,12,9,0,9,0.25,0.400000006,0.200000003,0.150000006,0,0.150000006,60,31,13,11,5,0,5,0.516666651,0.216666669,0.183333337,8.33E-02,0,8.33E-02
435,McKinley Middle School,ALL,212,56,53,55,45,3,48,0.264150947,0.25,0.259433955,0.21226415,1.42E-02,0.226415098,212,81,73,44,14,0,14,0.382075459,0.344339609,0.207547173,6.60E-02,0,6.60E-02
436,Ron Brown College Preparatory High School,ALL,96,47,22,14,12,1,13,0.489583343,0.229166672,0.145833328,0.125,1.04E-02,0.135416672,91,21,44,25,1,0,1,0.230769232,0.483516484,0.274725288,1.10E-02,0,1.10E-02
436,Ron Brown College Preparatory High School,HS,96,47,22,14,12,1,13,0.489583343,0.229166672,0.145833328,0.125,1.04E-02,0.135416672,91,21,44,25,1,0,1,0.230769232,0.483516484,0.274725288,1.10E-02,0,1.10E-02
442,Columbia Heights Education Campus,6,92,21,28,27,16,0,16,0.228260875,0.304347813,0.293478251,0.173913047,0,0.173913047,95,9,27,21,34,4,38,9.47E-02,0.284210533,0.221052632,0.357894748,4.21E-02,0.400000006
442,Columbia Heights Education Campus,7,84,14,17,26,21,6,27,0.166666672,0.202380955,0.309523821,0.25,7.14E-02,0.321428567,84,7,27,30,18,2,20,8.33E-02,0.321428567,0.357142866,0.214285716,2.38E-02,0.238095239
442,Columbia Heights Education Campus,8,85,18,19,28,20,0,20,0.211764708,0.223529413,0.329411775,0.235294119,0,0.235294119,84,21,25,22,16,0,16,0.25,0.297619045,0.261904776,0.190476194,0,0.190476194
442,Columbia Heights Education Campus,ALL,495,123,114,134,110,14,124,0.24848485,0.230303034,0.270707071,0.222222224,2.83E-02,0.25050506,443,66,173,114,83,7,90,0.148984194,0.390519202,0.257336348,0.187358916,1.58E-02,0.203160271
442,Columbia Heights Education Campus,HS,234,70,50,53,53,8,61,0.299145311,0.213675216,0.226495728,0.226495728,3.42E-02,0.260683775,180,29,94,41,15,1,16,0.161111116,0.522222221,0.227777779,8.33E-02,5.56E-03,8.89E-02
450,Anacostia High School,ALL,67,47,13,4,3,0,3,0.701492548,0.194029853,5.97E-02,4.48E-02,0,4.48E-02,70,29,33,7,1,0,1,0.414285719,0.471428573,0.100000001,1.43E-02,0,1.43E-02
450,Anacostia High School,HS,67,47,13,4,3,0,3,0.701492548,0.194029853,5.97E-02,4.48E-02,0,4.48E-02,70,29,33,7,1,0,1,0.414285719,0.471428573,0.100000001,1.43E-02,0,1.43E-02
452,Ballou High School,ALL,180,117,36,22,4,1,5,0.649999976,0.200000003,0.122222222,2.22E-02,5.56E-03,2.78E-02,201,62,114,24,1,0,1,0.308457702,0.567164183,0.119402982,4.98E-03,0,4.98E-03
452,Ballou High School,HS,180,117,36,22,4,1,5,0.649999976,0.200000003,0.122222222,2.22E-02,5.56E-03,2.78E-02,201,62,114,24,1,0,1,0.308457702,0.567164183,0.119402982,4.98E-03,0,4.98E-03
454,Cardozo Education Campus,6,41,11,17,8,5,0,5,0.268292695,0.414634138,0.195121944,0.121951222,0,0.121951222,40,14,19,6,1,0,1,0.349999994,0.474999994,0.150000006,2.50E-02,0,2.50E-02
454,Cardozo Education Campus,7,39,18,4,9,7,1,8,0.461538464,0.102564104,0.230769232,0.179487184,2.56E-02,0.205128208,39,9,24,3,3,0,3,0.230769232,0.615384638,7.69E-02,7.69E-02,0,7.69E-02
454,Cardozo Education Campus,8,39,26,2,5,5,1,6,0.666666687,5.13E-02,0.128205135,0.128205135,2.56E-02,0.15384616,39,23,8,5,3,0,3,0.589743614,0.205128208,0.128205135,7.69E-02,0,7.69E-02
454,Cardozo Education Campus,ALL,289,184,38,32,32,3,35,0.636678219,0.131487891,0.110726647,0.110726647,1.04E-02,0.121107265,296,99,152,37,8,0,8,0.334459454,0.513513505,0.125,2.70E-02,0,2.70E-02
454,Cardozo Education Campus,HS,170,129,15,10,15,1,16,0.758823514,8.82E-02,5.88E-02,8.82E-02,5.88E-03,9.41E-02,178,53,101,23,1,0,1,0.297752798,0.567415714,0.129213482,5.62E-03,0,5.62E-03
455,Coolidge High School,ALL,62,45,8,6,3,0,3,0.725806475,0.129032254,9.68E-02,4.84E-02,0,4.84E-02,72,32,39,1,0,0,0,0.444444448,0.541666687,1.39E-02,0,0,0
455,Coolidge High School,HS,62,45,8,6,3,0,3,0.725806475,0.129032254,9.68E-02,4.84E-02,0,4.84E-02,72,32,39,1,0,0,0,0.444444448,0.541666687,1.39E-02,0,0,0
456,Roosevelt STAY High School,ALL,20,15,2,3,0,0,0,0.75,0.100000001,0.150000006,0,0,0,12,8,4,0,0,0,0,0.666666687,0.333333343,0,0,0,0
456,Roosevelt STAY High School,HS,20,15,2,3,0,0,0,0.75,0.100000001,0.150000006,0,0,0,12,8,4,0,0,0,0,0.666666687,0.333333343,0,0,0,0
457,Eastern High School,ALL,189,76,38,42,31,2,33,0.402116388,0.201058194,0.222222224,0.164021164,1.06E-02,0.174603179,166,38,106,19,3,0,3,0.228915662,0.638554215,0.114457831,1.81E-02,0,1.81E-02
457,Eastern High School,HS,189,76,38,42,31,2,33,0.402116388,0.201058194,0.222222224,0.164021164,1.06E-02,0.174603179,166,38,106,19,3,0,3,0.228915662,0.638554215,0.114457831,1.81E-02,0,1.81E-02
458,McKinley Technology High School,ALL,143,1,6,37,77,22,99,6.99E-03,4.20E-02,0.25874126,0.538461566,0.15384616,0.692307711,120,2,26,64,27,1,28,1.67E-02,0.216666669,0.533333361,0.224999994,8.33E-03,0.233333334
458,McKinley Technology High School,HS,143,1,6,37,77,22,99,6.99E-03,4.20E-02,0.25874126,0.538461566,0.15384616,0.692307711,120,2,26,64,27,1,28,1.67E-02,0.216666669,0.533333361,0.224999994,8.33E-03,0.233333334
459,Roosevelt High School,ALL,170,105,27,25,11,2,13,0.617647052,0.158823535,0.14705883,6.47E-02,1.18E-02,7.65E-02,167,46,94,22,5,0,5,0.275449097,0.562874258,0.131736532,2.99E-02,0,2.99E-02
459,Roosevelt High School,HS,170,105,27,25,11,2,13,0.617647052,0.158823535,0.14705883,6.47E-02,1.18E-02,7.65E-02,167,46,94,22,5,0,5,0.275449097,0.562874258,0.131736532,2.99E-02,0,2.99E-02
462,Ballou STAY High School,ALL,n < 10,,,,,,,,,,,,,n < 10,,,,,,,,,,,,
462,Ballou STAY High School,HS,n < 10,,,,,,,,,,,,,n < 10,,,,,,,,,,,,
463,Woodrow Wilson High School,ALL,421,76,48,65,139,93,232,0.180522561,0.114014253,0.154394299,0.33016628,0.220902607,0.551068902,328,41,98,90,92,7,99,0.125,0.298780501,0.27439025,0.280487806,2.13E-02,0.301829278
463,Woodrow Wilson High School,HS,421,76,48,65,139,93,232,0.180522561,0.114014253,0.154394299,0.33016628,0.220902607,0.551068902,328,41,98,90,92,7,99,0.125,0.298780501,0.27439025,0.280487806,2.13E-02,0.301829278
464,H.D. Woodson High School,ALL,112,54,34,12,12,0,12,0.482142866,0.303571433,0.107142858,0.107142858,0,0.107142858,107,29,57,20,1,0,1,0.271028042,0.532710254,0.186915889,9.35E-03,0,9.35E-03
464,H.D. Woodson High School,HS,112,54,34,12,12,0,12,0.482142866,0.303571433,0.107142858,0.107142858,0,0.107142858,107,29,57,20,1,0,1,0.271028042,0.532710254,0.186915889,9.35E-03,0,9.35E-03
466,School Without Walls High School,ALL,135,1,0,7,46,81,127,7.41E-03,0,5.19E-02,0.34074074,0.600000024,0.940740764,126,0,6,28,88,4,92,0,4.76E-02,0.222222224,0.698412716,3.17E-02,0.730158746
466,School Without Walls High School,HS,135,1,0,7,46,81,127,7.41E-03,0,5.19E-02,0.34074074,0.600000024,0.940740764,126,0,6,28,88,4,92,0,4.76E-02,0.222222224,0.698412716,3.17E-02,0.730158746
467,Dunbar High School,ALL,109,60,21,21,6,1,7,0.550458729,0.192660555,0.192660555,5.50E-02,9.17E-03,6.42E-02,132,25,72,32,3,0,3,0.189393938,0.545454562,0.24242425,2.27E-02,0,2.27E-02
467,Dunbar High School,HS,109,60,21,21,6,1,7,0.550458729,0.192660555,0.192660555,5.50E-02,9.17E-03,6.42E-02,132,25,72,32,3,0,3,0.189393938,0.545454562,0.24242425,2.27E-02,0,2.27E-02
471,Duke Ellington School of the Arts,ALL,156,15,25,40,55,21,76,9.62E-02,0.160256416,0.256410271,0.352564096,0.134615391,0.487179488,140,15,54,49,20,2,22,0.107142858,0.385714293,0.349999994,0.142857149,1.43E-02,0.157142863
471,Duke Ellington School of the Arts,HS,156,15,25,40,55,21,76,9.62E-02,0.160256416,0.256410271,0.352564096,0.134615391,0.487179488,140,15,54,49,20,2,22,0.107142858,0.385714293,0.349999994,0.142857149,1.43E-02,0.157142863
474,Washington Metropolitan High School,8,17,12,4,1,0,0,0,0.70588237,0.235294119,5.88E-02,0,0,0,14,9,4,1,0,0,0,0.642857134,0.285714298,7.14E-02,0,0,0
474,Washington Metropolitan High School,ALL,23,18,4,1,0,0,0,0.782608688,0.173913047,4.35E-02,0,0,0,19,10,8,1,0,0,0,0.526315808,0.421052635,5.26E-02,0,0,0
474,Washington Metropolitan High School,HS,n < 10,,,,,,,,,,,,,n < 10,,,,,,,,,,,,
478,"Phelps Architecture, Construction and Engineering High School",ALL,79,21,17,29,12,0,12,0.265822798,0.215189874,0.367088616,0.151898727,0,0.151898727,77,12,50,15,0,0,0,0.155844152,0.649350643,0.19480519,0,0,0
478,"Phelps Architecture, Construction and Engineering High School",HS,79,21,17,29,12,0,12,0.265822798,0.215189874,0.367088616,0.151898727,0,0.151898727,77,12,50,15,0,0,0,0.155844152,0.649350643,0.19480519,0,0,0
861,Youth Services Center,8,n < 10,,,,,,,,,,,,,n < 10,,,,,,,,,,,,
861,Youth Services Center,ALL,n < 10,,,,,,,,,,,,,n < 10,,,,,,,,,,,,
884,Luke C. Moore High School,ALL,12,11,0,1,0,0,0,0.916666687,0,8.33E-02,0,0,0,14,7,7,0,0,0,0,0.5,0.5,0,0,0,0
884,Luke C. Moore High School,HS,12,11,0,1,0,0,0,0.916666687,0,8.33E-02,0,0,0,14,7,7,0,0,0,0,0.5,0.5,0,0,0,0
943,School-Within-School @ Goding,3,40,1,4,8,23,4,27,2.50E-02,0.100000001,0.200000003,0.574999988,0.100000001,0.675000012,40,1,1,8,22,8,30,2.50E-02,2.50E-02,0.200000003,0.550000012,0.200000003,0.75
943,School-Within-School @ Goding,4,40,0,1,6,22,11,33,0,2.50E-02,0.150000006,0.550000012,0.275000006,0.824999988,40,0,1,4,32,3,35,0,2.50E-02,0.100000001,0.800000012,7.50E-02,0.875
943,School-Within-School @ Goding,5,22,1,1,2,17,1,18,4.55E-02,4.55E-02,9.09E-02,0.772727251,4.55E-02,0.818181813,22,0,1,8,10,3,13,0,4.55E-02,0.363636374,0.454545468,0.13636364,0.590909064
943,School-Within-School @ Goding,ALL,102,2,6,16,62,16,78,1.96E-02,5.88E-02,0.156862751,0.607843161,0.156862751,0.764705896,102,1,3,20,64,14,78,9.80E-03,2.94E-02,0.196078435,0.627451003,0.137254909,0.764705896
950,Inspiring Youth Program,ALL,n < 10,,,,,,,,,,,,,n < 10,,,,,,,,,,,,
950,Inspiring Youth Program,HS,n < 10,,,,,,,,,,,,,n < 10,,,,,,,,,,,,
DCPS,DC Public Schools,3,3684,1028,674,795,1043,144,1187,0.279044509,0.182953313,0.21579805,0.283116192,3.91E-02,0.322204113,3680,615,703,856,1050,456,1506,0.167119563,0.191032603,0.232608691,0.285326093,0.123913042,0.409239143
DCPS,DC Public Schools,4,3686,726,794,826,918,422,1340,0.196961477,0.215409651,0.224091157,0.249050468,0.114487246,0.363537699,3681,668,856,871,1099,187,1286,0.181472421,0.23254551,0.236620486,0.298560172,5.08E-02,0.349361598
DCPS,DC Public Schools,5,3445,661,739,840,1041,164,1205,0.191872284,0.214513794,0.243831635,0.302177072,4.76E-02,0.349782288,3441,619,783,923,918,198,1116,0.17988956,0.227550134,0.268235981,0.26678291,5.75E-02,0.32432431
DCPS,DC Public Schools,6,2196,397,519,518,536,226,762,0.180783242,0.236338794,0.23588343,0.244080141,0.102914393,0.346994549,2196,452,631,507,479,127,606,0.205828786,0.287340611,0.230874315,0.218123868,5.78E-02,0.275956273
DCPS,DC Public Schools,7,2251,460,361,478,575,377,952,0.204353616,0.160373166,0.21235007,0.255442023,0.167481124,0.422923148,2248,388,704,523,508,125,633,0.17259787,0.313167274,0.232651249,0.225978643,5.56E-02,0.281583637
DCPS,DC Public Schools,8,2034,498,392,442,496,206,702,0.244837761,0.192723691,0.217305794,0.243854478,0.101278268,0.345132738,2025,744,451,337,447,46,493,0.367407411,0.222716048,0.166419759,0.220740736,2.27E-02,0.243456796
DCPS,DC Public Schools,ALL,19872,4749,3850,4306,5156,1811,6967,0.238979474,0.193739936,0.2166868,0.259460539,9.11E-02,0.350593805,19665,3978,5184,4509,4831,1163,5994,0.20228833,0.263615549,0.229290619,0.24566488,5.91E-02,0.304805487
DCPS,DC Public Schools,HS,2576,979,371,407,547,272,819,0.380046576,0.144021735,0.157996893,0.212344721,0.10559006,0.317934781,2394,492,1056,492,330,24,354,0.20551379,0.441102743,0.20551379,0.137844607,1.00E-02,0.147869676
