id,utc_created,utc_updated,country,country_code,indicator_code,indicator,value,year
1,"2016-01-07 10:10:52.689964","2016-01-07 10:10:52.690139",Afghanistan,AFG,68606,"GII: Gender Inequality Index, value",0.743,2005
2,"2016-01-07 10:10:52.689964","2016-01-07 10:10:52.690139",Afghanistan,AFG,68606,"GII: Gender Inequality Index, value",0.72,2010
3,"2016-01-07 10:10:52.689964","2016-01-07 10:10:52.690139",Afghanistan,AFG,68606,"GII: Gender Inequality Index, value",0.705,2013
4,"2016-01-07 10:10:52.689964","2016-01-07 10:10:52.690139",Albania,ALB,68606,"GII: Gender Inequality Index, value",0.661,1995
5,"2016-01-07 10:10:52.689964","2016-01-07 10:10:52.690139",Albania,ALB,68606,"GII: Gender Inequality Index, value",0.367,2005
6,"2016-01-07 10:10:52.689964","2016-01-07 10:10:52.690139",Albania,ALB,68606,"GII: Gender Inequality Index, value",0.269,2010
7,"2016-01-07 10:10:52.689964","2016-01-07 10:10:52.690139",Albania,ALB,68606,"GII: Gender Inequality Index, value",0.245,2013
8,"2016-01-07 10:10:52.689964","2016-01-07 10:10:52.690139","United Arab Emirates",ARE,68606,"GII: Gender Inequality Index, value",0.658,1995
9,"2016-01-07 10:10:52.689964","2016-01-07 10:10:52.690139","United Arab Emirates",ARE,68606,"GII: Gender Inequality Index, value",0.625,2000
10,"2016-01-07 10:10:52.689964","2016-01-07 10:10:52.690139","United Arab Emirates",ARE,68606,"GII: Gender Inequality Index, value",0.604,2005
11,"2016-01-07 10:10:52.689964","2016-01-07 10:10:52.690139","United Arab Emirates",ARE,68606,"GII: Gender Inequality Index, value",0.234,2010
12,"2016-01-07 10:10:52.689964","2016-01-07 10:10:52.690139","United Arab Emirates",ARE,68606,"GII: Gender Inequality Index, value",0.244,2013
13,"2016-01-07 10:10:52.689964","2016-01-07 10:10:52.690139",Argentina,ARG,68606,"GII: Gender Inequality Index, value",0.428,1995
14,"2016-01-07 10:10:52.689964","2016-01-07 10:10:52.690139",Argentina,ARG,68606,"GII: Gender Inequality Index, value",0.425,2000
15,"2016-01-07 10:10:52.689964","2016-01-07 10:10:52.690139",Argentina,ARG,68606,"GII: Gender Inequality Index, value",0.381,2005
16,"2016-01-07 10:10:52.689964","2016-01-07 10:10:52.690139",Argentina,ARG,68606,"GII: Gender Inequality Index, value",0.384,2010
17,"2016-01-07 10:10:52.689964","2016-01-07 10:10:52.690139",Argentina,ARG,68606,"GII: Gender Inequality Index, value",0.381,2013
18,"2016-01-07 10:10:52.689964","2016-01-07 10:10:52.690139",Armenia,ARM,68606,"GII: Gender Inequality Index, value",0.462,1995
19,"2016-01-07 10:10:52.689964","2016-01-07 10:10:52.690139",Armenia,ARM,68606,"GII: Gender Inequality Index, value",0.458,2000
20,"2016-01-07 10:10:52.689964","2016-01-07 10:10:52.690139",Armenia,ARM,68606,"GII: Gender Inequality Index, value",0.392,2005
21,"2016-01-07 10:10:52.689964","2016-01-07 10:10:52.690139",Armenia,ARM,68606,"GII: Gender Inequality Index, value",0.337,2010
22,"2016-01-07 10:10:52.689964","2016-01-07 10:10:52.690139",Armenia,ARM,68606,"GII: Gender Inequality Index, value",0.325,2013
23,"2016-01-07 10:10:52.689964","2016-01-07 10:10:52.690139",Australia,AUS,68606,"GII: Gender Inequality Index, value",0.199,1995
24,"2016-01-07 10:10:52.689964","2016-01-07 10:10:52.690139",Australia,AUS,68606,"GII: Gender Inequality Index, value",0.158,2000
25,"2016-01-07 10:10:52.689964","2016-01-07 10:10:52.690139",Australia,AUS,68606,"GII: Gender Inequality Index, value",0.139,2005
26,"2016-01-07 10:10:52.689964","2016-01-07 10:10:52.690139",Australia,AUS,68606,"GII: Gender Inequality Index, value",0.134,2010
27,"2016-01-07 10:10:52.689964","2016-01-07 10:10:52.690139",Australia,AUS,68606,"GII: Gender Inequality Index, value",0.113,2013
28,"2016-01-07 10:10:52.689964","2016-01-07 10:10:52.690139",Austria,AUT,68606,"GII: Gender Inequality Index, value",0.188,1995
29,"2016-01-07 10:10:52.689964","2016-01-07 10:10:52.690139",Austria,AUT,68606,"GII: Gender Inequality Index, value",0.16,2000
30,"2016-01-07 10:10:52.689964","2016-01-07 10:10:52.690139",Austria,AUT,68606,"GII: Gender Inequality Index, value",0.129,2005
31,"2016-01-07 10:10:52.689964","2016-01-07 10:10:52.690139",Austria,AUT,68606,"GII: Gender Inequality Index, value",0.121,2010
32,"2016-01-07 10:10:52.689964","2016-01-07 10:10:52.690139",Austria,AUT,68606,"GII: Gender Inequality Index, value",0.056,2013
33,"2016-01-07 10:10:52.689964","2016-01-07 10:10:52.690139",Azerbaijan,AZE,68606,"GII: Gender Inequality Index, value",0.34,2013
34,"2016-01-07 10:10:52.689964","2016-01-07 10:10:52.690139",Burundi,BDI,68606,"GII: Gender Inequality Index, value",0.597,2000
35,"2016-01-07 10:10:52.689964","2016-01-07 10:10:52.690139",Burundi,BDI,68606,"GII: Gender Inequality Index, value",0.532,2005
36,"2016-01-07 10:10:52.689964","2016-01-07 10:10:52.690139",Burundi,BDI,68606,"GII: Gender Inequality Index, value",0.506,2010
37,"2016-01-07 10:10:52.689964","2016-01-07 10:10:52.690139",Burundi,BDI,68606,"GII: Gender Inequality Index, value",0.501,2013
38,"2016-01-07 10:10:52.689964","2016-01-07 10:10:52.690139",Belgium,BEL,68606,"GII: Gender Inequality Index, value",0.162,1995
39,"2016-01-07 10:10:52.689964","2016-01-07 10:10:52.690139",Belgium,BEL,68606,"GII: Gender Inequality Index, value",0.123,2000
40,"2016-01-07 10:10:52.689964","2016-01-07 10:10:52.690139",Belgium,BEL,68606,"GII: Gender Inequality Index, value",0.104,2005
41,"2016-01-07 10:10:52.689964","2016-01-07 10:10:52.690139",Belgium,BEL,68606,"GII: Gender Inequality Index, value",0.093,2010
42,"2016-01-07 10:10:52.689964","2016-01-07 10:10:52.690139",Belgium,BEL,68606,"GII: Gender Inequality Index, value",0.068,2013
43,"2016-01-07 10:10:52.689964","2016-01-07 10:10:52.690139",Benin,BEN,68606,"GII: Gender Inequality Index, value",0.691,1995
44,"2016-01-07 10:10:52.689964","2016-01-07 10:10:52.690139",Benin,BEN,68606,"GII: Gender Inequality Index, value",0.65,2005
45,"2016-01-07 10:10:52.689964","2016-01-07 10:10:52.690139",Benin,BEN,68606,"GII: Gender Inequality Index, value",0.61,2010
46,"2016-01-07 10:10:52.689964","2016-01-07 10:10:52.690139",Benin,BEN,68606,"GII: Gender Inequality Index, value",0.614,2013
47,"2016-01-07 10:10:52.689964","2016-01-07 10:10:52.690139","Burkina Faso",BFA,68606,"GII: Gender Inequality Index, value",0.607,2013
48,"2016-01-07 10:10:52.689964","2016-01-07 10:10:52.690139",Bangladesh,BGD,68606,"GII: Gender Inequality Index, value",0.666,1995
49,"2016-01-07 10:10:52.689964","2016-01-07 10:10:52.690139",Bangladesh,BGD,68606,"GII: Gender Inequality Index, value",0.587,2005
50,"2016-01-07 10:10:52.689964","2016-01-07 10:10:52.690139",Bangladesh,BGD,68606,"GII: Gender Inequality Index, value",0.539,2010
51,"2016-01-07 10:10:52.689964","2016-01-07 10:10:52.690139",Bangladesh,BGD,68606,"GII: Gender Inequality Index, value",0.529,2013
52,"2016-01-07 10:10:52.689964","2016-01-07 10:10:52.690139",Bulgaria,BGR,68606,"GII: Gender Inequality Index, value",0.359,1995
53,"2016-01-07 10:10:52.689964","2016-01-07 10:10:52.690139",Bulgaria,BGR,68606,"GII: Gender Inequality Index, value",0.222,2005
54,"2016-01-07 10:10:52.689964","2016-01-07 10:10:52.690139",Bulgaria,BGR,68606,"GII: Gender Inequality Index, value",0.23,2010
55,"2016-01-07 10:10:52.689964","2016-01-07 10:10:52.690139",Bulgaria,BGR,68606,"GII: Gender Inequality Index, value",0.207,2013
56,"2016-01-07 10:10:52.689964","2016-01-07 10:10:52.690139",Bahrain,BHR,68606,"GII: Gender Inequality Index, value",0.34,2005
57,"2016-01-07 10:10:52.689964","2016-01-07 10:10:52.690139",Bahrain,BHR,68606,"GII: Gender Inequality Index, value",0.272,2010
58,"2016-01-07 10:10:52.689964","2016-01-07 10:10:52.690139",Bahrain,BHR,68606,"GII: Gender Inequality Index, value",0.253,2013
59,"2016-01-07 10:10:52.689964","2016-01-07 10:10:52.690139",Bahamas,BHS,68606,"GII: Gender Inequality Index, value",0.316,2013
60,"2016-01-07 10:10:52.689964","2016-01-07 10:10:52.690139","Bosnia and Herzegovina",BIH,68606,"GII: Gender Inequality Index, value",0.201,2013
61,"2016-01-07 10:10:52.689964","2016-01-07 10:10:52.690139",Belarus,BLR,68606,"GII: Gender Inequality Index, value",0.152,2013
62,"2016-01-07 10:10:52.689964","2016-01-07 10:10:52.690139",Belize,BLZ,68606,"GII: Gender Inequality Index, value",0.481,1995
63,"2016-01-07 10:10:52.689964","2016-01-07 10:10:52.690139",Belize,BLZ,68606,"GII: Gender Inequality Index, value",0.525,2000
64,"2016-01-07 10:10:52.689964","2016-01-07 10:10:52.690139",Belize,BLZ,68606,"GII: Gender Inequality Index, value",0.489,2005
65,"2016-01-07 10:10:52.689964","2016-01-07 10:10:52.690139",Belize,BLZ,68606,"GII: Gender Inequality Index, value",0.452,2010
66,"2016-01-07 10:10:52.689964","2016-01-07 10:10:52.690139",Belize,BLZ,68606,"GII: Gender Inequality Index, value",0.435,2013
67,"2016-01-07 10:10:52.689964","2016-01-07 10:10:52.690139","Bolivia (Plurinational State of)",BOL,68606,"GII: Gender Inequality Index, value",0.788,1995
68,"2016-01-07 10:10:52.689964","2016-01-07 10:10:52.690139","Bolivia (Plurinational State of)",BOL,68606,"GII: Gender Inequality Index, value",0.576,2000
69,"2016-01-07 10:10:52.689964","2016-01-07 10:10:52.690139","Bolivia (Plurinational State of)",BOL,68606,"GII: Gender Inequality Index, value",0.542,2005
70,"2016-01-07 10:10:52.689964","2016-01-07 10:10:52.690139","Bolivia (Plurinational State of)",BOL,68606,"GII: Gender Inequality Index, value",0.478,2010
71,"2016-01-07 10:10:52.689964","2016-01-07 10:10:52.690139","Bolivia (Plurinational State of)",BOL,68606,"GII: Gender Inequality Index, value",0.472,2013
72,"2016-01-07 10:10:52.689964","2016-01-07 10:10:52.690139",Brazil,BRA,68606,"GII: Gender Inequality Index, value",0.517,1995
73,"2016-01-07 10:10:52.689964","2016-01-07 10:10:52.690139",Brazil,BRA,68606,"GII: Gender Inequality Index, value",0.515,2000
74,"2016-01-07 10:10:52.689964","2016-01-07 10:10:52.690139",Brazil,BRA,68606,"GII: Gender Inequality Index, value",0.473,2005
75,"2016-01-07 10:10:52.689964","2016-01-07 10:10:52.690139",Brazil,BRA,68606,"GII: Gender Inequality Index, value",0.446,2010
76,"2016-01-07 10:10:52.689964","2016-01-07 10:10:52.690139",Brazil,BRA,68606,"GII: Gender Inequality Index, value",0.441,2013
77,"2016-01-07 10:10:52.689964","2016-01-07 10:10:52.690139",Barbados,BRB,68606,"GII: Gender Inequality Index, value",0.357,1995
78,"2016-01-07 10:10:52.689964","2016-01-07 10:10:52.690139",Barbados,BRB,68606,"GII: Gender Inequality Index, value",0.358,2000
79,"2016-01-07 10:10:52.689964","2016-01-07 10:10:52.690139",Barbados,BRB,68606,"GII: Gender Inequality Index, value",0.349,2005
80,"2016-01-07 10:10:52.689964","2016-01-07 10:10:52.690139",Barbados,BRB,68606,"GII: Gender Inequality Index, value",0.357,2010
81,"2016-01-07 10:10:52.689964","2016-01-07 10:10:52.690139",Barbados,BRB,68606,"GII: Gender Inequality Index, value",0.35,2013
82,"2016-01-07 10:10:52.689964","2016-01-07 10:10:52.690139",Bhutan,BTN,68606,"GII: Gender Inequality Index, value",0.495,2013
83,"2016-01-07 10:10:52.689964","2016-01-07 10:10:52.690139",Botswana,BWA,68606,"GII: Gender Inequality Index, value",0.544,1995
84,"2016-01-07 10:10:52.689964","2016-01-07 10:10:52.690139",Botswana,BWA,68606,"GII: Gender Inequality Index, value",0.529,2000
85,"2016-01-07 10:10:52.689964","2016-01-07 10:10:52.690139",Botswana,BWA,68606,"GII: Gender Inequality Index, value",0.535,2005
86,"2016-01-07 10:10:52.689964","2016-01-07 10:10:52.690139",Botswana,BWA,68606,"GII: Gender Inequality Index, value",0.497,2010
87,"2016-01-07 10:10:52.689964","2016-01-07 10:10:52.690139",Botswana,BWA,68606,"GII: Gender Inequality Index, value",0.486,2013
88,"2016-01-07 10:10:52.689964","2016-01-07 10:10:52.690139","Central African Republic",CAF,68606,"GII: Gender Inequality Index, value",0.74,1995
89,"2016-01-07 10:10:52.689964","2016-01-07 10:10:52.690139","Central African Republic",CAF,68606,"GII: Gender Inequality Index, value",0.682,2005
90,"2016-01-07 10:10:52.689964","2016-01-07 10:10:52.690139","Central African Republic",CAF,68606,"GII: Gender Inequality Index, value",0.654,2013
91,"2016-01-07 10:10:52.689964","2016-01-07 10:10:52.690139",Canada,CAN,68606,"GII: Gender Inequality Index, value",0.184,1995
92,"2016-01-07 10:10:52.689964","2016-01-07 10:10:52.690139",Canada,CAN,68606,"GII: Gender Inequality Index, value",0.141,2005
93,"2016-01-07 10:10:52.689964","2016-01-07 10:10:52.690139",Canada,CAN,68606,"GII: Gender Inequality Index, value",0.139,2010
94,"2016-01-07 10:10:52.689964","2016-01-07 10:10:52.690139",Canada,CAN,68606,"GII: Gender Inequality Index, value",0.136,2013
95,"2016-01-07 10:10:52.689964","2016-01-07 10:10:52.690139",Switzerland,CHE,68606,"GII: Gender Inequality Index, value",0.117,1995
96,"2016-01-07 10:10:52.689964","2016-01-07 10:10:52.690139",Switzerland,CHE,68606,"GII: Gender Inequality Index, value",0.1,2000
97,"2016-01-07 10:10:52.689964","2016-01-07 10:10:52.690139",Switzerland,CHE,68606,"GII: Gender Inequality Index, value",0.084,2005
98,"2016-01-07 10:10:52.689964","2016-01-07 10:10:52.690139",Switzerland,CHE,68606,"GII: Gender Inequality Index, value",0.067,2010
99,"2016-01-07 10:10:52.689964","2016-01-07 10:10:52.690139",Switzerland,CHE,68606,"GII: Gender Inequality Index, value",0.03,2013
100,"2016-01-07 10:10:52.689964","2016-01-07 10:10:52.690139",Chile,CHL,68606,"GII: Gender Inequality Index, value",0.478,1995
101,"2016-01-07 10:10:52.689964","2016-01-07 10:10:52.690139",Chile,CHL,68606,"GII: Gender Inequality Index, value",0.437,2000
102,"2016-01-07 10:10:52.689964","2016-01-07 10:10:52.690139",Chile,CHL,68606,"GII: Gender Inequality Index, value",0.396,2005
103,"2016-01-07 10:10:52.689964","2016-01-07 10:10:52.690139",Chile,CHL,68606,"GII: Gender Inequality Index, value",0.363,2010
104,"2016-01-07 10:10:52.689964","2016-01-07 10:10:52.690139",Chile,CHL,68606,"GII: Gender Inequality Index, value",0.355,2013
105,"2016-01-07 10:10:52.689964","2016-01-07 10:10:52.690139",China,CHN,68606,"GII: Gender Inequality Index, value",0.252,1995
106,"2016-01-07 10:10:52.689964","2016-01-07 10:10:52.690139",China,CHN,68606,"GII: Gender Inequality Index, value",0.572,2000
107,"2016-01-07 10:10:52.689964","2016-01-07 10:10:52.690139",China,CHN,68606,"GII: Gender Inequality Index, value",0.219,2005
108,"2016-01-07 10:10:52.689964","2016-01-07 10:10:52.690139",China,CHN,68606,"GII: Gender Inequality Index, value",0.209,2010
109,"2016-01-07 10:10:52.689964","2016-01-07 10:10:52.690139",China,CHN,68606,"GII: Gender Inequality Index, value",0.202,2013
110,"2016-01-07 10:10:52.689964","2016-01-07 10:10:52.690139",Cameroon,CMR,68606,"GII: Gender Inequality Index, value",0.702,1995
111,"2016-01-07 10:10:52.689964","2016-01-07 10:10:52.690139",Cameroon,CMR,68606,"GII: Gender Inequality Index, value",0.666,2005
112,"2016-01-07 10:10:52.689964","2016-01-07 10:10:52.690139",Cameroon,CMR,68606,"GII: Gender Inequality Index, value",0.635,2010
113,"2016-01-07 10:10:52.689964","2016-01-07 10:10:52.690139",Cameroon,CMR,68606,"GII: Gender Inequality Index, value",0.622,2013
114,"2016-01-07 10:10:52.689964","2016-01-07 10:10:52.690139","Congo (Democratic Republic of the)",COD,68606,"GII: Gender Inequality Index, value",0.673,2005
115,"2016-01-07 10:10:52.689964","2016-01-07 10:10:52.690139","Congo (Democratic Republic of the)",COD,68606,"GII: Gender Inequality Index, value",0.672,2010
116,"2016-01-07 10:10:52.689964","2016-01-07 10:10:52.690139","Congo (Democratic Republic of the)",COD,68606,"GII: Gender Inequality Index, value",0.669,2013
117,"2016-01-07 10:10:52.689964","2016-01-07 10:10:52.690139",Congo,COG,68606,"GII: Gender Inequality Index, value",0.613,2000
118,"2016-01-07 10:10:52.689964","2016-01-07 10:10:52.690139",Congo,COG,68606,"GII: Gender Inequality Index, value",0.618,2005
119,"2016-01-07 10:10:52.689964","2016-01-07 10:10:52.690139",Congo,COG,68606,"GII: Gender Inequality Index, value",0.62,2010
120,"2016-01-07 10:10:52.689964","2016-01-07 10:10:52.690139",Congo,COG,68606,"GII: Gender Inequality Index, value",0.617,2013
121,"2016-01-07 10:10:52.689964","2016-01-07 10:10:52.690139",Colombia,COL,68606,"GII: Gender Inequality Index, value",0.552,1995
122,"2016-01-07 10:10:52.689964","2016-01-07 10:10:52.690139",Colombia,COL,68606,"GII: Gender Inequality Index, value",0.522,2000
123,"2016-01-07 10:10:52.689964","2016-01-07 10:10:52.690139",Colombia,COL,68606,"GII: Gender Inequality Index, value",0.506,2005
124,"2016-01-07 10:10:52.689964","2016-01-07 10:10:52.690139",Colombia,COL,68606,"GII: Gender Inequality Index, value",0.466,2010
125,"2016-01-07 10:10:52.689964","2016-01-07 10:10:52.690139",Colombia,COL,68606,"GII: Gender Inequality Index, value",0.46,2013
126,"2016-01-07 10:10:52.689964","2016-01-07 10:10:52.690139","Costa Rica",CRI,68606,"GII: Gender Inequality Index, value",0.466,1995
127,"2016-01-07 10:10:52.689964","2016-01-07 10:10:52.690139","Costa Rica",CRI,68606,"GII: Gender Inequality Index, value",0.446,2000
128,"2016-01-07 10:10:52.689964","2016-01-07 10:10:52.690139","Costa Rica",CRI,68606,"GII: Gender Inequality Index, value",0.391,2005
129,"2016-01-07 10:10:52.689964","2016-01-07 10:10:52.690139","Costa Rica",CRI,68606,"GII: Gender Inequality Index, value",0.351,2010
130,"2016-01-07 10:10:52.689964","2016-01-07 10:10:52.690139","Costa Rica",CRI,68606,"GII: Gender Inequality Index, value",0.344,2013
131,"2016-01-07 10:10:52.689964","2016-01-07 10:10:52.690139",Cuba,CUB,68606,"GII: Gender Inequality Index, value",0.435,1995
132,"2016-01-07 10:10:52.689964","2016-01-07 10:10:52.690139",Cuba,CUB,68606,"GII: Gender Inequality Index, value",0.419,2000
133,"2016-01-07 10:10:52.689964","2016-01-07 10:10:52.690139",Cuba,CUB,68606,"GII: Gender Inequality Index, value",0.379,2005
134,"2016-01-07 10:10:52.689964","2016-01-07 10:10:52.690139",Cuba,CUB,68606,"GII: Gender Inequality Index, value",0.361,2010
135,"2016-01-07 10:10:52.689964","2016-01-07 10:10:52.690139",Cuba,CUB,68606,"GII: Gender Inequality Index, value",0.35,2013
136,"2016-01-07 10:10:52.689964","2016-01-07 10:10:52.690139",Cyprus,CYP,68606,"GII: Gender Inequality Index, value",0.347,1995
137,"2016-01-07 10:10:52.689964","2016-01-07 10:10:52.690139",Cyprus,CYP,68606,"GII: Gender Inequality Index, value",0.15,2005
138,"2016-01-07 10:10:52.689964","2016-01-07 10:10:52.690139",Cyprus,CYP,68606,"GII: Gender Inequality Index, value",0.138,2010
139,"2016-01-07 10:10:52.689964","2016-01-07 10:10:52.690139",Cyprus,CYP,68606,"GII: Gender Inequality Index, value",0.136,2013
140,"2016-01-07 10:10:52.689964","2016-01-07 10:10:52.690139","Czech Republic",CZE,68606,"GII: Gender Inequality Index, value",0.253,1995
141,"2016-01-07 10:10:52.689964","2016-01-07 10:10:52.690139","Czech Republic",CZE,68606,"GII: Gender Inequality Index, value",0.205,2000
142,"2016-01-07 10:10:52.689964","2016-01-07 10:10:52.690139","Czech Republic",CZE,68606,"GII: Gender Inequality Index, value",0.153,2005
143,"2016-01-07 10:10:52.689964","2016-01-07 10:10:52.690139","Czech Republic",CZE,68606,"GII: Gender Inequality Index, value",0.136,2010
144,"2016-01-07 10:10:52.689964","2016-01-07 10:10:52.690139","Czech Republic",CZE,68606,"GII: Gender Inequality Index, value",0.087,2013
145,"2016-01-07 10:10:52.689964","2016-01-07 10:10:52.690139",Germany,DEU,68606,"GII: Gender Inequality Index, value",0.16,1995
146,"2016-01-07 10:10:52.689964","2016-01-07 10:10:52.690139",Germany,DEU,68606,"GII: Gender Inequality Index, value",0.132,2000
147,"2016-01-07 10:10:52.689964","2016-01-07 10:10:52.690139",Germany,DEU,68606,"GII: Gender Inequality Index, value",0.117,2005
148,"2016-01-07 10:10:52.689964","2016-01-07 10:10:52.690139",Germany,DEU,68606,"GII: Gender Inequality Index, value",0.097,2010
149,"2016-01-07 10:10:52.689964","2016-01-07 10:10:52.690139",Germany,DEU,68606,"GII: Gender Inequality Index, value",0.046,2013
150,"2016-01-07 10:10:52.689964","2016-01-07 10:10:52.690139",Denmark,DNK,68606,"GII: Gender Inequality Index, value",0.138,1995
151,"2016-01-07 10:10:52.689964","2016-01-07 10:10:52.690139",Denmark,DNK,68606,"GII: Gender Inequality Index, value",0.079,2000
152,"2016-01-07 10:10:52.689964","2016-01-07 10:10:52.690139",Denmark,DNK,68606,"GII: Gender Inequality Index, value",0.068,2005
153,"2016-01-07 10:10:52.689964","2016-01-07 10:10:52.690139",Denmark,DNK,68606,"GII: Gender Inequality Index, value",0.068,2010
154,"2016-01-07 10:10:52.689964","2016-01-07 10:10:52.690139",Denmark,DNK,68606,"GII: Gender Inequality Index, value",0.056,2013
155,"2016-01-07 10:10:52.689964","2016-01-07 10:10:52.690139","Dominican Republic",DOM,68606,"GII: Gender Inequality Index, value",0.572,1995
156,"2016-01-07 10:10:52.689964","2016-01-07 10:10:52.690139","Dominican Republic",DOM,68606,"GII: Gender Inequality Index, value",0.524,2000
157,"2016-01-07 10:10:52.689964","2016-01-07 10:10:52.690139","Dominican Republic",DOM,68606,"GII: Gender Inequality Index, value",0.514,2005
158,"2016-01-07 10:10:52.689964","2016-01-07 10:10:52.690139","Dominican Republic",DOM,68606,"GII: Gender Inequality Index, value",0.506,2010
159,"2016-01-07 10:10:52.689964","2016-01-07 10:10:52.690139","Dominican Republic",DOM,68606,"GII: Gender Inequality Index, value",0.505,2013
160,"2016-01-07 10:10:52.689964","2016-01-07 10:10:52.690139",Algeria,DZA,68606,"GII: Gender Inequality Index, value",0.594,1995
161,"2016-01-07 10:10:52.689964","2016-01-07 10:10:52.690139",Algeria,DZA,68606,"GII: Gender Inequality Index, value",0.621,2000
162,"2016-01-07 10:10:52.689964","2016-01-07 10:10:52.690139",Algeria,DZA,68606,"GII: Gender Inequality Index, value",0.552,2005
163,"2016-01-07 10:10:52.689964","2016-01-07 10:10:52.690139",Algeria,DZA,68606,"GII: Gender Inequality Index, value",0.505,2010
164,"2016-01-07 10:10:52.689964","2016-01-07 10:10:52.690139",Algeria,DZA,68606,"GII: Gender Inequality Index, value",0.425,2013
165,"2016-01-07 10:10:52.689964","2016-01-07 10:10:52.690139",Ecuador,ECU,68606,"GII: Gender Inequality Index, value",0.598,1995
166,"2016-01-07 10:10:52.689964","2016-01-07 10:10:52.690139",Ecuador,ECU,68606,"GII: Gender Inequality Index, value",0.507,2000
167,"2016-01-07 10:10:52.689964","2016-01-07 10:10:52.690139",Ecuador,ECU,68606,"GII: Gender Inequality Index, value",0.485,2005
168,"2016-01-07 10:10:52.689964","2016-01-07 10:10:52.690139",Ecuador,ECU,68606,"GII: Gender Inequality Index, value",0.447,2010
169,"2016-01-07 10:10:52.689964","2016-01-07 10:10:52.690139",Ecuador,ECU,68606,"GII: Gender Inequality Index, value",0.429,2013
170,"2016-01-07 10:10:52.689964","2016-01-07 10:10:52.690139",Egypt,EGY,68606,"GII: Gender Inequality Index, value",0.692,1995
171,"2016-01-07 10:10:52.689964","2016-01-07 10:10:52.690139",Egypt,EGY,68606,"GII: Gender Inequality Index, value",0.66,2000
172,"2016-01-07 10:10:52.689964","2016-01-07 10:10:52.690139",Egypt,EGY,68606,"GII: Gender Inequality Index, value",0.604,2005
173,"2016-01-07 10:10:52.689964","2016-01-07 10:10:52.690139",Egypt,EGY,68606,"GII: Gender Inequality Index, value",0.58,2013
174,"2016-01-07 10:10:52.689964","2016-01-07 10:10:52.690139",Spain,ESP,68606,"GII: Gender Inequality Index, value",0.157,1995
175,"2016-01-07 10:10:52.689964","2016-01-07 10:10:52.690139",Spain,ESP,68606,"GII: Gender Inequality Index, value",0.119,2000
176,"2016-01-07 10:10:52.689964","2016-01-07 10:10:52.690139",Spain,ESP,68606,"GII: Gender Inequality Index, value",0.118,2005
177,"2016-01-07 10:10:52.689964","2016-01-07 10:10:52.690139",Spain,ESP,68606,"GII: Gender Inequality Index, value",0.113,2010
178,"2016-01-07 10:10:52.689964","2016-01-07 10:10:52.690139",Spain,ESP,68606,"GII: Gender Inequality Index, value",0.1,2013
179,"2016-01-07 10:10:52.689964","2016-01-07 10:10:52.690139",Estonia,EST,68606,"GII: Gender Inequality Index, value",0.391,1995
180,"2016-01-07 10:10:52.689964","2016-01-07 10:10:52.690139",Estonia,EST,68606,"GII: Gender Inequality Index, value",0.29,2000
181,"2016-01-07 10:10:52.689964","2016-01-07 10:10:52.690139",Estonia,EST,68606,"GII: Gender Inequality Index, value",0.241,2005
182,"2016-01-07 10:10:52.689964","2016-01-07 10:10:52.690139",Estonia,EST,68606,"GII: Gender Inequality Index, value",0.154,2013
183,"2016-01-07 10:10:52.689964","2016-01-07 10:10:52.690139",Ethiopia,ETH,68606,"GII: Gender Inequality Index, value",0.547,2013
184,"2016-01-07 10:10:52.689964","2016-01-07 10:10:52.690139",Finland,FIN,68606,"GII: Gender Inequality Index, value",0.103,1995
185,"2016-01-07 10:10:52.689964","2016-01-07 10:10:52.690139",Finland,FIN,68606,"GII: Gender Inequality Index, value",0.088,2000
186,"2016-01-07 10:10:52.689964","2016-01-07 10:10:52.690139",Finland,FIN,68606,"GII: Gender Inequality Index, value",0.089,2005
187,"2016-01-07 10:10:52.689964","2016-01-07 10:10:52.690139",Finland,FIN,68606,"GII: Gender Inequality Index, value",0.077,2010
188,"2016-01-07 10:10:52.689964","2016-01-07 10:10:52.690139",Finland,FIN,68606,"GII: Gender Inequality Index, value",0.075,2013
189,"2016-01-07 10:10:52.689964","2016-01-07 10:10:52.690139",Fiji,FJI,68606,"GII: Gender Inequality Index, value",0.468,1995
190,"2016-01-07 10:10:52.689964","2016-01-07 10:10:52.690139",Fiji,FJI,68606,"GII: Gender Inequality Index, value",0.387,2005
191,"2016-01-07 10:10:52.689964","2016-01-07 10:10:52.690139",France,FRA,68606,"GII: Gender Inequality Index, value",0.211,1995
192,"2016-01-07 10:10:52.689964","2016-01-07 10:10:52.690139",France,FRA,68606,"GII: Gender Inequality Index, value",0.182,2000
193,"2016-01-07 10:10:52.689964","2016-01-07 10:10:52.690139",France,FRA,68606,"GII: Gender Inequality Index, value",0.157,2005
194,"2016-01-07 10:10:52.689964","2016-01-07 10:10:52.690139",France,FRA,68606,"GII: Gender Inequality Index, value",0.125,2010
195,"2016-01-07 10:10:52.689964","2016-01-07 10:10:52.690139",France,FRA,68606,"GII: Gender Inequality Index, value",0.08,2013
196,"2016-01-07 10:10:52.689964","2016-01-07 10:10:52.690139",Gabon,GAB,68606,"GII: Gender Inequality Index, value",0.571,1995
197,"2016-01-07 10:10:52.689964","2016-01-07 10:10:52.690139",Gabon,GAB,68606,"GII: Gender Inequality Index, value",0.547,2005
198,"2016-01-07 10:10:52.689964","2016-01-07 10:10:52.690139",Gabon,GAB,68606,"GII: Gender Inequality Index, value",0.517,2010
199,"2016-01-07 10:10:52.689964","2016-01-07 10:10:52.690139",Gabon,GAB,68606,"GII: Gender Inequality Index, value",0.508,2013
200,"2016-01-07 10:10:52.689964","2016-01-07 10:10:52.690139","United Kingdom",GBR,68606,"GII: Gender Inequality Index, value",0.242,1995
201,"2016-01-07 10:10:52.689964","2016-01-07 10:10:52.690139","United Kingdom",GBR,68606,"GII: Gender Inequality Index, value",0.228,2000
202,"2016-01-07 10:10:52.689964","2016-01-07 10:10:52.690139","United Kingdom",GBR,68606,"GII: Gender Inequality Index, value",0.216,2005
203,"2016-01-07 10:10:52.689964","2016-01-07 10:10:52.690139","United Kingdom",GBR,68606,"GII: Gender Inequality Index, value",0.197,2010
204,"2016-01-07 10:10:52.689964","2016-01-07 10:10:52.690139","United Kingdom",GBR,68606,"GII: Gender Inequality Index, value",0.193,2013
205,"2016-01-07 10:10:52.689964","2016-01-07 10:10:52.690139",Ghana,GHA,68606,"GII: Gender Inequality Index, value",0.632,1995
206,"2016-01-07 10:10:52.689964","2016-01-07 10:10:52.690139",Ghana,GHA,68606,"GII: Gender Inequality Index, value",0.582,2005
207,"2016-01-07 10:10:52.689964","2016-01-07 10:10:52.690139",Ghana,GHA,68606,"GII: Gender Inequality Index, value",0.569,2010
208,"2016-01-07 10:10:52.689964","2016-01-07 10:10:52.690139",Ghana,GHA,68606,"GII: Gender Inequality Index, value",0.549,2013
209,"2016-01-07 10:10:52.689964","2016-01-07 10:10:52.690139",Gambia,GMB,68606,"GII: Gender Inequality Index, value",0.736,1995
210,"2016-01-07 10:10:52.689964","2016-01-07 10:10:52.690139",Gambia,GMB,68606,"GII: Gender Inequality Index, value",0.718,2000
211,"2016-01-07 10:10:52.689964","2016-01-07 10:10:52.690139",Gambia,GMB,68606,"GII: Gender Inequality Index, value",0.614,2005
212,"2016-01-07 10:10:52.689964","2016-01-07 10:10:52.690139",Gambia,GMB,68606,"GII: Gender Inequality Index, value",0.623,2010
213,"2016-01-07 10:10:52.689964","2016-01-07 10:10:52.690139",Gambia,GMB,68606,"GII: Gender Inequality Index, value",0.624,2013
214,"2016-01-07 10:10:52.689964","2016-01-07 10:10:52.690139",Greece,GRC,68606,"GII: Gender Inequality Index, value",0.283,1995
215,"2016-01-07 10:10:52.689964","2016-01-07 10:10:52.690139",Greece,GRC,68606,"GII: Gender Inequality Index, value",0.179,2005
216,"2016-01-07 10:10:52.689964","2016-01-07 10:10:52.690139",Greece,GRC,68606,"GII: Gender Inequality Index, value",0.16,2010
217,"2016-01-07 10:10:52.689964","2016-01-07 10:10:52.690139",Greece,GRC,68606,"GII: Gender Inequality Index, value",0.146,2013
218,"2016-01-07 10:10:52.689964","2016-01-07 10:10:52.690139",Guatemala,GTM,68606,"GII: Gender Inequality Index, value",0.578,1995
219,"2016-01-07 10:10:52.689964","2016-01-07 10:10:52.690139",Guatemala,GTM,68606,"GII: Gender Inequality Index, value",0.577,2005
220,"2016-01-07 10:10:52.689964","2016-01-07 10:10:52.690139",Guatemala,GTM,68606,"GII: Gender Inequality Index, value",0.547,2010
221,"2016-01-07 10:10:52.689964","2016-01-07 10:10:52.690139",Guatemala,GTM,68606,"GII: Gender Inequality Index, value",0.523,2013
222,"2016-01-07 10:10:52.689964","2016-01-07 10:10:52.690139",Guyana,GUY,68606,"GII: Gender Inequality Index, value",0.752,1995
223,"2016-01-07 10:10:52.689964","2016-01-07 10:10:52.690139",Guyana,GUY,68606,"GII: Gender Inequality Index, value",0.528,2000
224,"2016-01-07 10:10:52.689964","2016-01-07 10:10:52.690139",Guyana,GUY,68606,"GII: Gender Inequality Index, value",0.531,2005
225,"2016-01-07 10:10:52.689964","2016-01-07 10:10:52.690139",Guyana,GUY,68606,"GII: Gender Inequality Index, value",0.536,2010
226,"2016-01-07 10:10:52.689964","2016-01-07 10:10:52.690139",Guyana,GUY,68606,"GII: Gender Inequality Index, value",0.524,2013
227,"2016-01-07 10:10:52.689964","2016-01-07 10:10:52.690139",Honduras,HND,68606,"GII: Gender Inequality Index, value",0.787,1995
228,"2016-01-07 10:10:52.689964","2016-01-07 10:10:52.690139",Honduras,HND,68606,"GII: Gender Inequality Index, value",0.516,2005
229,"2016-01-07 10:10:52.689964","2016-01-07 10:10:52.690139",Honduras,HND,68606,"GII: Gender Inequality Index, value",0.504,2010
230,"2016-01-07 10:10:52.689964","2016-01-07 10:10:52.690139",Honduras,HND,68606,"GII: Gender Inequality Index, value",0.482,2013
231,"2016-01-07 10:10:52.689964","2016-01-07 10:10:52.690139",Croatia,HRV,68606,"GII: Gender Inequality Index, value",0.288,1995
232,"2016-01-07 10:10:52.689964","2016-01-07 10:10:52.690139",Croatia,HRV,68606,"GII: Gender Inequality Index, value",0.208,2000
233,"2016-01-07 10:10:52.689964","2016-01-07 10:10:52.690139",Croatia,HRV,68606,"GII: Gender Inequality Index, value",0.194,2005
234,"2016-01-07 10:10:52.689964","2016-01-07 10:10:52.690139",Croatia,HRV,68606,"GII: Gender Inequality Index, value",0.184,2010
235,"2016-01-07 10:10:52.689964","2016-01-07 10:10:52.690139",Croatia,HRV,68606,"GII: Gender Inequality Index, value",0.172,2013
236,"2016-01-07 10:10:52.689964","2016-01-07 10:10:52.690139",Haiti,HTI,68606,"GII: Gender Inequality Index, value",0.668,1995
237,"2016-01-07 10:10:52.689964","2016-01-07 10:10:52.690139",Haiti,HTI,68606,"GII: Gender Inequality Index, value",0.574,2005
238,"2016-01-07 10:10:52.689964","2016-01-07 10:10:52.690139",Haiti,HTI,68606,"GII: Gender Inequality Index, value",0.596,2010
239,"2016-01-07 10:10:52.689964","2016-01-07 10:10:52.690139",Haiti,HTI,68606,"GII: Gender Inequality Index, value",0.599,2013
240,"2016-01-07 10:10:52.689964","2016-01-07 10:10:52.690139",Hungary,HUN,68606,"GII: Gender Inequality Index, value",0.333,1995
241,"2016-01-07 10:10:52.689964","2016-01-07 10:10:52.690139",Hungary,HUN,68606,"GII: Gender Inequality Index, value",0.234,2005
242,"2016-01-07 10:10:52.689964","2016-01-07 10:10:52.690139",Hungary,HUN,68606,"GII: Gender Inequality Index, value",0.281,2010
243,"2016-01-07 10:10:52.689964","2016-01-07 10:10:52.690139",Hungary,HUN,68606,"GII: Gender Inequality Index, value",0.247,2013
244,"2016-01-07 10:10:52.689964","2016-01-07 10:10:52.690139",Indonesia,IDN,68606,"GII: Gender Inequality Index, value",0.593,1995
245,"2016-01-07 10:10:52.689964","2016-01-07 10:10:52.690139",Indonesia,IDN,68606,"GII: Gender Inequality Index, value",0.551,2005
246,"2016-01-07 10:10:52.689964","2016-01-07 10:10:52.690139",Indonesia,IDN,68606,"GII: Gender Inequality Index, value",0.508,2010
247,"2016-01-07 10:10:52.689964","2016-01-07 10:10:52.690139",Indonesia,IDN,68606,"GII: Gender Inequality Index, value",0.5,2013
248,"2016-01-07 10:10:52.689964","2016-01-07 10:10:52.690139",India,IND,68606,"GII: Gender Inequality Index, value",0.687,1995
249,"2016-01-07 10:10:52.689964","2016-01-07 10:10:52.690139",India,IND,68606,"GII: Gender Inequality Index, value",0.621,2005
250,"2016-01-07 10:10:52.689964","2016-01-07 10:10:52.690139",India,IND,68606,"GII: Gender Inequality Index, value",0.59,2010
251,"2016-01-07 10:10:52.689964","2016-01-07 10:10:52.690139",India,IND,68606,"GII: Gender Inequality Index, value",0.563,2013
252,"2016-01-07 10:10:52.689964","2016-01-07 10:10:52.690139",Ireland,IRL,68606,"GII: Gender Inequality Index, value",0.203,1995
253,"2016-01-07 10:10:52.689964","2016-01-07 10:10:52.690139",Ireland,IRL,68606,"GII: Gender Inequality Index, value",0.204,2000
254,"2016-01-07 10:10:52.689964","2016-01-07 10:10:52.690139",Ireland,IRL,68606,"GII: Gender Inequality Index, value",0.195,2005
255,"2016-01-07 10:10:52.689964","2016-01-07 10:10:52.690139",Ireland,IRL,68606,"GII: Gender Inequality Index, value",0.169,2010
256,"2016-01-07 10:10:52.689964","2016-01-07 10:10:52.690139",Ireland,IRL,68606,"GII: Gender Inequality Index, value",0.115,2013
257,"2016-01-07 10:10:52.689964","2016-01-07 10:10:52.690139","Iran (Islamic Republic of)",IRN,68606,"GII: Gender Inequality Index, value",0.68,1995
258,"2016-01-07 10:10:52.689964","2016-01-07 10:10:52.690139","Iran (Islamic Republic of)",IRN,68606,"GII: Gender Inequality Index, value",0.622,2000
259,"2016-01-07 10:10:52.689964","2016-01-07 10:10:52.690139","Iran (Islamic Republic of)",IRN,68606,"GII: Gender Inequality Index, value",0.527,2005
260,"2016-01-07 10:10:52.689964","2016-01-07 10:10:52.690139","Iran (Islamic Republic of)",IRN,68606,"GII: Gender Inequality Index, value",0.535,2010
261,"2016-01-07 10:10:52.689964","2016-01-07 10:10:52.690139","Iran (Islamic Republic of)",IRN,68606,"GII: Gender Inequality Index, value",0.51,2013
262,"2016-01-07 10:10:52.689964","2016-01-07 10:10:52.690139",Iraq,IRQ,68606,"GII: Gender Inequality Index, value",0.658,1995
263,"2016-01-07 10:10:52.689964","2016-01-07 10:10:52.690139",Iraq,IRQ,68606,"GII: Gender Inequality Index, value",0.797,2005
264,"2016-01-07 10:10:52.689964","2016-01-07 10:10:52.690139",Iraq,IRQ,68606,"GII: Gender Inequality Index, value",0.548,2010
265,"2016-01-07 10:10:52.689964","2016-01-07 10:10:52.690139",Iraq,IRQ,68606,"GII: Gender Inequality Index, value",0.542,2013
266,"2016-01-07 10:10:52.689964","2016-01-07 10:10:52.690139",Iceland,ISL,68606,"GII: Gender Inequality Index, value",0.161,1995
267,"2016-01-07 10:10:52.689964","2016-01-07 10:10:52.690139",Iceland,ISL,68606,"GII: Gender Inequality Index, value",0.14,2000
268,"2016-01-07 10:10:52.689964","2016-01-07 10:10:52.690139",Iceland,ISL,68606,"GII: Gender Inequality Index, value",0.121,2005
269,"2016-01-07 10:10:52.689964","2016-01-07 10:10:52.690139",Iceland,ISL,68606,"GII: Gender Inequality Index, value",0.096,2010
270,"2016-01-07 10:10:52.689964","2016-01-07 10:10:52.690139",Iceland,ISL,68606,"GII: Gender Inequality Index, value",0.088,2013
271,"2016-01-07 10:10:52.689964","2016-01-07 10:10:52.690139",Israel,ISR,68606,"GII: Gender Inequality Index, value",0.242,1995
272,"2016-01-07 10:10:52.689964","2016-01-07 10:10:52.690139",Israel,ISR,68606,"GII: Gender Inequality Index, value",0.192,2000
273,"2016-01-07 10:10:52.689964","2016-01-07 10:10:52.690139",Israel,ISR,68606,"GII: Gender Inequality Index, value",0.171,2005
274,"2016-01-07 10:10:52.689964","2016-01-07 10:10:52.690139",Israel,ISR,68606,"GII: Gender Inequality Index, value",0.143,2010
275,"2016-01-07 10:10:52.689964","2016-01-07 10:10:52.690139",Israel,ISR,68606,"GII: Gender Inequality Index, value",0.101,2013
276,"2016-01-07 10:10:52.689964","2016-01-07 10:10:52.690139",Italy,ITA,68606,"GII: Gender Inequality Index, value",0.201,1995
277,"2016-01-07 10:10:52.689964","2016-01-07 10:10:52.690139",Italy,ITA,68606,"GII: Gender Inequality Index, value",0.184,2000
278,"2016-01-07 10:10:52.689964","2016-01-07 10:10:52.690139",Italy,ITA,68606,"GII: Gender Inequality Index, value",0.175,2005
279,"2016-01-07 10:10:52.689964","2016-01-07 10:10:52.690139",Italy,ITA,68606,"GII: Gender Inequality Index, value",0.123,2010
280,"2016-01-07 10:10:52.689964","2016-01-07 10:10:52.690139",Italy,ITA,68606,"GII: Gender Inequality Index, value",0.067,2013
281,"2016-01-07 10:10:52.689964","2016-01-07 10:10:52.690139",Jamaica,JAM,68606,"GII: Gender Inequality Index, value",0.451,1995
282,"2016-01-07 10:10:52.689964","2016-01-07 10:10:52.690139",Jamaica,JAM,68606,"GII: Gender Inequality Index, value",0.457,2000
283,"2016-01-07 10:10:52.689964","2016-01-07 10:10:52.690139",Jamaica,JAM,68606,"GII: Gender Inequality Index, value",0.465,2005
284,"2016-01-07 10:10:52.689964","2016-01-07 10:10:52.690139",Jamaica,JAM,68606,"GII: Gender Inequality Index, value",0.463,2010
285,"2016-01-07 10:10:52.689964","2016-01-07 10:10:52.690139",Jamaica,JAM,68606,"GII: Gender Inequality Index, value",0.457,2013
286,"2016-01-07 10:10:52.689964","2016-01-07 10:10:52.690139",Jordan,JOR,68606,"GII: Gender Inequality Index, value",0.678,1995
287,"2016-01-07 10:10:52.689964","2016-01-07 10:10:52.690139",Jordan,JOR,68606,"GII: Gender Inequality Index, value",0.639,2000
288,"2016-01-07 10:10:52.689964","2016-01-07 10:10:52.690139",Jordan,JOR,68606,"GII: Gender Inequality Index, value",0.572,2005
289,"2016-01-07 10:10:52.689964","2016-01-07 10:10:52.690139",Jordan,JOR,68606,"GII: Gender Inequality Index, value",0.502,2010
290,"2016-01-07 10:10:52.689964","2016-01-07 10:10:52.690139",Jordan,JOR,68606,"GII: Gender Inequality Index, value",0.488,2013
291,"2016-01-07 10:10:52.689964","2016-01-07 10:10:52.690139",Japan,JPN,68606,"GII: Gender Inequality Index, value",0.156,1995
292,"2016-01-07 10:10:52.689964","2016-01-07 10:10:52.690139",Japan,JPN,68606,"GII: Gender Inequality Index, value",0.136,2000
293,"2016-01-07 10:10:52.689964","2016-01-07 10:10:52.690139",Japan,JPN,68606,"GII: Gender Inequality Index, value",0.149,2005
294,"2016-01-07 10:10:52.689964","2016-01-07 10:10:52.690139",Japan,JPN,68606,"GII: Gender Inequality Index, value",0.122,2010
295,"2016-01-07 10:10:52.689964","2016-01-07 10:10:52.690139",Japan,JPN,68606,"GII: Gender Inequality Index, value",0.138,2013
296,"2016-01-07 10:10:52.689964","2016-01-07 10:10:52.690139",Kazakhstan,KAZ,68606,"GII: Gender Inequality Index, value",0.445,1995
297,"2016-01-07 10:10:52.689964","2016-01-07 10:10:52.690139",Kazakhstan,KAZ,68606,"GII: Gender Inequality Index, value",0.407,2000
298,"2016-01-07 10:10:52.689964","2016-01-07 10:10:52.690139",Kazakhstan,KAZ,68606,"GII: Gender Inequality Index, value",0.369,2005
299,"2016-01-07 10:10:52.689964","2016-01-07 10:10:52.690139",Kazakhstan,KAZ,68606,"GII: Gender Inequality Index, value",0.338,2010
300,"2016-01-07 10:10:52.689964","2016-01-07 10:10:52.690139",Kazakhstan,KAZ,68606,"GII: Gender Inequality Index, value",0.323,2013
301,"2016-01-07 10:10:52.689964","2016-01-07 10:10:52.690139",Kenya,KEN,68606,"GII: Gender Inequality Index, value",0.694,1995
302,"2016-01-07 10:10:52.689964","2016-01-07 10:10:52.690139",Kenya,KEN,68606,"GII: Gender Inequality Index, value",0.682,2000
303,"2016-01-07 10:10:52.689964","2016-01-07 10:10:52.690139",Kenya,KEN,68606,"GII: Gender Inequality Index, value",0.642,2005
304,"2016-01-07 10:10:52.689964","2016-01-07 10:10:52.690139",Kenya,KEN,68606,"GII: Gender Inequality Index, value",0.606,2010
305,"2016-01-07 10:10:52.689964","2016-01-07 10:10:52.690139",Kenya,KEN,68606,"GII: Gender Inequality Index, value",0.548,2013
306,"2016-01-07 10:10:52.689964","2016-01-07 10:10:52.690139",Kyrgyzstan,KGZ,68606,"GII: Gender Inequality Index, value",0.52,1995
307,"2016-01-07 10:10:52.689964","2016-01-07 10:10:52.690139",Kyrgyzstan,KGZ,68606,"GII: Gender Inequality Index, value",0.49,2000
308,"2016-01-07 10:10:52.689964","2016-01-07 10:10:52.690139",Kyrgyzstan,KGZ,68606,"GII: Gender Inequality Index, value",0.676,2005
309,"2016-01-07 10:10:52.689964","2016-01-07 10:10:52.690139",Kyrgyzstan,KGZ,68606,"GII: Gender Inequality Index, value",0.349,2010
310,"2016-01-07 10:10:52.689964","2016-01-07 10:10:52.690139",Kyrgyzstan,KGZ,68606,"GII: Gender Inequality Index, value",0.348,2013
311,"2016-01-07 10:10:52.689964","2016-01-07 10:10:52.690139",Cambodia,KHM,68606,"GII: Gender Inequality Index, value",0.644,1995
312,"2016-01-07 10:10:52.689964","2016-01-07 10:10:52.690139",Cambodia,KHM,68606,"GII: Gender Inequality Index, value",0.599,2000
313,"2016-01-07 10:10:52.689964","2016-01-07 10:10:52.690139",Cambodia,KHM,68606,"GII: Gender Inequality Index, value",0.552,2005
314,"2016-01-07 10:10:52.689964","2016-01-07 10:10:52.690139",Cambodia,KHM,68606,"GII: Gender Inequality Index, value",0.494,2010
315,"2016-01-07 10:10:52.689964","2016-01-07 10:10:52.690139",Cambodia,KHM,68606,"GII: Gender Inequality Index, value",0.505,2013
316,"2016-01-07 10:10:52.689964","2016-01-07 10:10:52.690139","Korea (Republic of)",KOR,68606,"GII: Gender Inequality Index, value",0.274,1995
317,"2016-01-07 10:10:52.689964","2016-01-07 10:10:52.690139","Korea (Republic of)",KOR,68606,"GII: Gender Inequality Index, value",0.116,2005
318,"2016-01-07 10:10:52.689964","2016-01-07 10:10:52.690139","Korea (Republic of)",KOR,68606,"GII: Gender Inequality Index, value",0.102,2010
319,"2016-01-07 10:10:52.689964","2016-01-07 10:10:52.690139","Korea (Republic of)",KOR,68606,"GII: Gender Inequality Index, value",0.101,2013
320,"2016-01-07 10:10:52.689964","2016-01-07 10:10:52.690139",Kuwait,KWT,68606,"GII: Gender Inequality Index, value",0.572,1995
321,"2016-01-07 10:10:52.689964","2016-01-07 10:10:52.690139",Kuwait,KWT,68606,"GII: Gender Inequality Index, value",0.581,2000
322,"2016-01-07 10:10:52.689964","2016-01-07 10:10:52.690139",Kuwait,KWT,68606,"GII: Gender Inequality Index, value",0.373,2005
323,"2016-01-07 10:10:52.689964","2016-01-07 10:10:52.690139",Kuwait,KWT,68606,"GII: Gender Inequality Index, value",0.264,2010
324,"2016-01-07 10:10:52.689964","2016-01-07 10:10:52.690139",Kuwait,KWT,68606,"GII: Gender Inequality Index, value",0.288,2013
325,"2016-01-07 10:10:52.689964","2016-01-07 10:10:52.690139","Lao People's Democratic Republic",LAO,68606,"GII: Gender Inequality Index, value",0.827,1995
326,"2016-01-07 10:10:52.689964","2016-01-07 10:10:52.690139","Lao People's Democratic Republic",LAO,68606,"GII: Gender Inequality Index, value",0.604,2000
327,"2016-01-07 10:10:52.689964","2016-01-07 10:10:52.690139","Lao People's Democratic Republic",LAO,68606,"GII: Gender Inequality Index, value",0.568,2005
328,"2016-01-07 10:10:52.689964","2016-01-07 10:10:52.690139","Lao People's Democratic Republic",LAO,68606,"GII: Gender Inequality Index, value",0.542,2010
329,"2016-01-07 10:10:52.689964","2016-01-07 10:10:52.690139","Lao People's Democratic Republic",LAO,68606,"GII: Gender Inequality Index, value",0.534,2013
330,"2016-01-07 10:10:52.689964","2016-01-07 10:10:52.690139",Lebanon,LBN,68606,"GII: Gender Inequality Index, value",0.413,2013
331,"2016-01-07 10:10:52.689964","2016-01-07 10:10:52.690139",Liberia,LBR,68606,"GII: Gender Inequality Index, value",0.848,1995
332,"2016-01-07 10:10:52.689964","2016-01-07 10:10:52.690139",Liberia,LBR,68606,"GII: Gender Inequality Index, value",0.688,2000
333,"2016-01-07 10:10:52.689964","2016-01-07 10:10:52.690139",Liberia,LBR,68606,"GII: Gender Inequality Index, value",0.675,2005
334,"2016-01-07 10:10:52.689964","2016-01-07 10:10:52.690139",Liberia,LBR,68606,"GII: Gender Inequality Index, value",0.657,2010
335,"2016-01-07 10:10:52.689964","2016-01-07 10:10:52.690139",Liberia,LBR,68606,"GII: Gender Inequality Index, value",0.655,2013
336,"2016-01-07 10:10:52.689964","2016-01-07 10:10:52.690139",Libya,LBY,68606,"GII: Gender Inequality Index, value",0.681,1995
337,"2016-01-07 10:10:52.689964","2016-01-07 10:10:52.690139",Libya,LBY,68606,"GII: Gender Inequality Index, value",0.339,2005
338,"2016-01-07 10:10:52.689964","2016-01-07 10:10:52.690139",Libya,LBY,68606,"GII: Gender Inequality Index, value",0.279,2010
339,"2016-01-07 10:10:52.689964","2016-01-07 10:10:52.690139",Libya,LBY,68606,"GII: Gender Inequality Index, value",0.215,2013
340,"2016-01-07 10:10:52.689964","2016-01-07 10:10:52.690139","Sri Lanka",LKA,68606,"GII: Gender Inequality Index, value",0.476,1995
341,"2016-01-07 10:10:52.689964","2016-01-07 10:10:52.690139","Sri Lanka",LKA,68606,"GII: Gender Inequality Index, value",0.445,2005
342,"2016-01-07 10:10:52.689964","2016-01-07 10:10:52.690139","Sri Lanka",LKA,68606,"GII: Gender Inequality Index, value",0.408,2010
343,"2016-01-07 10:10:52.689964","2016-01-07 10:10:52.690139","Sri Lanka",LKA,68606,"GII: Gender Inequality Index, value",0.383,2013
344,"2016-01-07 10:10:52.689964","2016-01-07 10:10:52.690139",Lesotho,LSO,68606,"GII: Gender Inequality Index, value",0.58,1995
345,"2016-01-07 10:10:52.689964","2016-01-07 10:10:52.690139",Lesotho,LSO,68606,"GII: Gender Inequality Index, value",0.6,2000
346,"2016-01-07 10:10:52.689964","2016-01-07 10:10:52.690139",Lesotho,LSO,68606,"GII: Gender Inequality Index, value",0.582,2005
347,"2016-01-07 10:10:52.689964","2016-01-07 10:10:52.690139",Lesotho,LSO,68606,"GII: Gender Inequality Index, value",0.561,2010
348,"2016-01-07 10:10:52.689964","2016-01-07 10:10:52.690139",Lesotho,LSO,68606,"GII: Gender Inequality Index, value",0.557,2013
349,"2016-01-07 10:10:52.689964","2016-01-07 10:10:52.690139",Lithuania,LTU,68606,"GII: Gender Inequality Index, value",0.303,1995
350,"2016-01-07 10:10:52.689964","2016-01-07 10:10:52.690139",Lithuania,LTU,68606,"GII: Gender Inequality Index, value",0.193,2005
351,"2016-01-07 10:10:52.689964","2016-01-07 10:10:52.690139",Lithuania,LTU,68606,"GII: Gender Inequality Index, value",0.167,2010
352,"2016-01-07 10:10:52.689964","2016-01-07 10:10:52.690139",Lithuania,LTU,68606,"GII: Gender Inequality Index, value",0.116,2013
353,"2016-01-07 10:10:52.689964","2016-01-07 10:10:52.690139",Luxembourg,LUX,68606,"GII: Gender Inequality Index, value",0.189,1995
354,"2016-01-07 10:10:52.689964","2016-01-07 10:10:52.690139",Luxembourg,LUX,68606,"GII: Gender Inequality Index, value",0.169,2000
355,"2016-01-07 10:10:52.689964","2016-01-07 10:10:52.690139",Luxembourg,LUX,68606,"GII: Gender Inequality Index, value",0.176,2005
356,"2016-01-07 10:10:52.689964","2016-01-07 10:10:52.690139",Luxembourg,LUX,68606,"GII: Gender Inequality Index, value",0.178,2010
357,"2016-01-07 10:10:52.689964","2016-01-07 10:10:52.690139",Luxembourg,LUX,68606,"GII: Gender Inequality Index, value",0.154,2013
358,"2016-01-07 10:10:52.689964","2016-01-07 10:10:52.690139",Latvia,LVA,68606,"GII: Gender Inequality Index, value",0.416,1995
359,"2016-01-07 10:10:52.689964","2016-01-07 10:10:52.690139",Latvia,LVA,68606,"GII: Gender Inequality Index, value",0.3,2000
360,"2016-01-07 10:10:52.689964","2016-01-07 10:10:52.690139",Latvia,LVA,68606,"GII: Gender Inequality Index, value",0.214,2005
361,"2016-01-07 10:10:52.689964","2016-01-07 10:10:52.690139",Latvia,LVA,68606,"GII: Gender Inequality Index, value",0.252,2010
362,"2016-01-07 10:10:52.689964","2016-01-07 10:10:52.690139",Latvia,LVA,68606,"GII: Gender Inequality Index, value",0.222,2013
363,"2016-01-07 10:10:52.689964","2016-01-07 10:10:52.690139",Morocco,MAR,68606,"GII: Gender Inequality Index, value",0.691,1995
364,"2016-01-07 10:10:52.689964","2016-01-07 10:10:52.690139",Morocco,MAR,68606,"GII: Gender Inequality Index, value",0.664,2000
365,"2016-01-07 10:10:52.689964","2016-01-07 10:10:52.690139",Morocco,MAR,68606,"GII: Gender Inequality Index, value",0.513,2005
366,"2016-01-07 10:10:52.689964","2016-01-07 10:10:52.690139",Morocco,MAR,68606,"GII: Gender Inequality Index, value",0.486,2010
367,"2016-01-07 10:10:52.689964","2016-01-07 10:10:52.690139",Morocco,MAR,68606,"GII: Gender Inequality Index, value",0.46,2013
368,"2016-01-07 10:10:52.689964","2016-01-07 10:10:52.690139","Moldova (Republic of)",MDA,68606,"GII: Gender Inequality Index, value",0.48,1995
369,"2016-01-07 10:10:52.689964","2016-01-07 10:10:52.690139","Moldova (Republic of)",MDA,68606,"GII: Gender Inequality Index, value",0.311,2005
370,"2016-01-07 10:10:52.689964","2016-01-07 10:10:52.690139","Moldova (Republic of)",MDA,68606,"GII: Gender Inequality Index, value",0.32,2010
371,"2016-01-07 10:10:52.689964","2016-01-07 10:10:52.690139","Moldova (Republic of)",MDA,68606,"GII: Gender Inequality Index, value",0.302,2013
372,"2016-01-07 10:10:52.689964","2016-01-07 10:10:52.690139",Maldives,MDV,68606,"GII: Gender Inequality Index, value",0.668,1995
373,"2016-01-07 10:10:52.689964","2016-01-07 10:10:52.690139",Maldives,MDV,68606,"GII: Gender Inequality Index, value",0.424,2005
374,"2016-01-07 10:10:52.689964","2016-01-07 10:10:52.690139",Maldives,MDV,68606,"GII: Gender Inequality Index, value",0.35,2010
375,"2016-01-07 10:10:52.689964","2016-01-07 10:10:52.690139",Maldives,MDV,68606,"GII: Gender Inequality Index, value",0.283,2013
376,"2016-01-07 10:10:52.689964","2016-01-07 10:10:52.690139",Mexico,MEX,68606,"GII: Gender Inequality Index, value",0.505,1995
377,"2016-01-07 10:10:52.689964","2016-01-07 10:10:52.690139",Mexico,MEX,68606,"GII: Gender Inequality Index, value",0.494,2000
378,"2016-01-07 10:10:52.689964","2016-01-07 10:10:52.690139",Mexico,MEX,68606,"GII: Gender Inequality Index, value",0.428,2005
379,"2016-01-07 10:10:52.689964","2016-01-07 10:10:52.690139",Mexico,MEX,68606,"GII: Gender Inequality Index, value",0.407,2010
380,"2016-01-07 10:10:52.689964","2016-01-07 10:10:52.690139",Mexico,MEX,68606,"GII: Gender Inequality Index, value",0.376,2013
381,"2016-01-07 10:10:52.689964","2016-01-07 10:10:52.690139","The former Yugoslav Republic of Macedonia",MKD,68606,"GII: Gender Inequality Index, value",0.162,2013
382,"2016-01-07 10:10:52.689964","2016-01-07 10:10:52.690139",Mali,MLI,68606,"GII: Gender Inequality Index, value",0.719,1995
383,"2016-01-07 10:10:52.689964","2016-01-07 10:10:52.690139",Mali,MLI,68606,"GII: Gender Inequality Index, value",0.707,2000
384,"2016-01-07 10:10:52.689964","2016-01-07 10:10:52.690139",Mali,MLI,68606,"GII: Gender Inequality Index, value",0.706,2005
385,"2016-01-07 10:10:52.689964","2016-01-07 10:10:52.690139",Mali,MLI,68606,"GII: Gender Inequality Index, value",0.686,2010
386,"2016-01-07 10:10:52.689964","2016-01-07 10:10:52.690139",Mali,MLI,68606,"GII: Gender Inequality Index, value",0.673,2013
387,"2016-01-07 10:10:52.689964","2016-01-07 10:10:52.690139",Malta,MLT,68606,"GII: Gender Inequality Index, value",0.328,1995
388,"2016-01-07 10:10:52.689964","2016-01-07 10:10:52.690139",Malta,MLT,68606,"GII: Gender Inequality Index, value",0.27,2005
389,"2016-01-07 10:10:52.689964","2016-01-07 10:10:52.690139",Malta,MLT,68606,"GII: Gender Inequality Index, value",0.267,2010
390,"2016-01-07 10:10:52.689964","2016-01-07 10:10:52.690139",Malta,MLT,68606,"GII: Gender Inequality Index, value",0.22,2013
391,"2016-01-07 10:10:52.689964","2016-01-07 10:10:52.690139",Myanmar,MMR,68606,"GII: Gender Inequality Index, value",0.459,2010
392,"2016-01-07 10:10:52.689964","2016-01-07 10:10:52.690139",Myanmar,MMR,68606,"GII: Gender Inequality Index, value",0.43,2013
393,"2016-01-07 10:10:52.689964","2016-01-07 10:10:52.690139",Mongolia,MNG,68606,"GII: Gender Inequality Index, value",0.326,1995
394,"2016-01-07 10:10:52.689964","2016-01-07 10:10:52.690139",Mongolia,MNG,68606,"GII: Gender Inequality Index, value",0.401,2005
395,"2016-01-07 10:10:52.689964","2016-01-07 10:10:52.690139",Mongolia,MNG,68606,"GII: Gender Inequality Index, value",0.406,2010
396,"2016-01-07 10:10:52.689964","2016-01-07 10:10:52.690139",Mongolia,MNG,68606,"GII: Gender Inequality Index, value",0.32,2013
397,"2016-01-07 10:10:52.689964","2016-01-07 10:10:52.690139",Mozambique,MOZ,68606,"GII: Gender Inequality Index, value",0.692,1995
398,"2016-01-07 10:10:52.689964","2016-01-07 10:10:52.690139",Mozambique,MOZ,68606,"GII: Gender Inequality Index, value",0.672,2000
399,"2016-01-07 10:10:52.689964","2016-01-07 10:10:52.690139",Mozambique,MOZ,68606,"GII: Gender Inequality Index, value",0.683,2005
400,"2016-01-07 10:10:52.689964","2016-01-07 10:10:52.690139",Mozambique,MOZ,68606,"GII: Gender Inequality Index, value",0.666,2010
401,"2016-01-07 10:10:52.689964","2016-01-07 10:10:52.690139",Mozambique,MOZ,68606,"GII: Gender Inequality Index, value",0.657,2013
402,"2016-01-07 10:10:52.689964","2016-01-07 10:10:52.690139",Mauritania,MRT,68606,"GII: Gender Inequality Index, value",0.823,1995
403,"2016-01-07 10:10:52.689964","2016-01-07 10:10:52.690139",Mauritania,MRT,68606,"GII: Gender Inequality Index, value",0.763,2000
404,"2016-01-07 10:10:52.689964","2016-01-07 10:10:52.690139",Mauritania,MRT,68606,"GII: Gender Inequality Index, value",0.651,2010
405,"2016-01-07 10:10:52.689964","2016-01-07 10:10:52.690139",Mauritania,MRT,68606,"GII: Gender Inequality Index, value",0.644,2013
406,"2016-01-07 10:10:52.689964","2016-01-07 10:10:52.690139",Mauritius,MUS,68606,"GII: Gender Inequality Index, value",0.485,1995
407,"2016-01-07 10:10:52.689964","2016-01-07 10:10:52.690139",Mauritius,MUS,68606,"GII: Gender Inequality Index, value",0.356,2005
408,"2016-01-07 10:10:52.689964","2016-01-07 10:10:52.690139",Mauritius,MUS,68606,"GII: Gender Inequality Index, value",0.381,2010
409,"2016-01-07 10:10:52.689964","2016-01-07 10:10:52.690139",Mauritius,MUS,68606,"GII: Gender Inequality Index, value",0.375,2013
410,"2016-01-07 10:10:52.689964","2016-01-07 10:10:52.690139",Malawi,MWI,68606,"GII: Gender Inequality Index, value",0.721,1995
411,"2016-01-07 10:10:52.689964","2016-01-07 10:10:52.690139",Malawi,MWI,68606,"GII: Gender Inequality Index, value",0.654,2005
412,"2016-01-07 10:10:52.689964","2016-01-07 10:10:52.690139",Malawi,MWI,68606,"GII: Gender Inequality Index, value",0.599,2010
413,"2016-01-07 10:10:52.689964","2016-01-07 10:10:52.690139",Malawi,MWI,68606,"GII: Gender Inequality Index, value",0.591,2013
414,"2016-01-07 10:10:52.689964","2016-01-07 10:10:52.690139",Malaysia,MYS,68606,"GII: Gender Inequality Index, value",0.365,1995
415,"2016-01-07 10:10:52.689964","2016-01-07 10:10:52.690139",Malaysia,MYS,68606,"GII: Gender Inequality Index, value",0.31,2000
416,"2016-01-07 10:10:52.689964","2016-01-07 10:10:52.690139",Malaysia,MYS,68606,"GII: Gender Inequality Index, value",0.29,2005
417,"2016-01-07 10:10:52.689964","2016-01-07 10:10:52.690139",Malaysia,MYS,68606,"GII: Gender Inequality Index, value",0.269,2010
418,"2016-01-07 10:10:52.689964","2016-01-07 10:10:52.690139",Malaysia,MYS,68606,"GII: Gender Inequality Index, value",0.21,2013
419,"2016-01-07 10:10:52.689964","2016-01-07 10:10:52.690139",Namibia,NAM,68606,"GII: Gender Inequality Index, value",0.515,1995
420,"2016-01-07 10:10:52.689964","2016-01-07 10:10:52.690139",Namibia,NAM,68606,"GII: Gender Inequality Index, value",0.519,2000
421,"2016-01-07 10:10:52.689964","2016-01-07 10:10:52.690139",Namibia,NAM,68606,"GII: Gender Inequality Index, value",0.503,2005
422,"2016-01-07 10:10:52.689964","2016-01-07 10:10:52.690139",Namibia,NAM,68606,"GII: Gender Inequality Index, value",0.471,2010
423,"2016-01-07 10:10:52.689964","2016-01-07 10:10:52.690139",Namibia,NAM,68606,"GII: Gender Inequality Index, value",0.45,2013
424,"2016-01-07 10:10:52.689964","2016-01-07 10:10:52.690139",Niger,NER,68606,"GII: Gender Inequality Index, value",0.835,1995
425,"2016-01-07 10:10:52.689964","2016-01-07 10:10:52.690139",Niger,NER,68606,"GII: Gender Inequality Index, value",0.818,2000
426,"2016-01-07 10:10:52.689964","2016-01-07 10:10:52.690139",Niger,NER,68606,"GII: Gender Inequality Index, value",0.729,2005
427,"2016-01-07 10:10:52.689964","2016-01-07 10:10:52.690139",Niger,NER,68606,"GII: Gender Inequality Index, value",0.709,2013
428,"2016-01-07 10:10:52.689964","2016-01-07 10:10:52.690139",Nicaragua,NIC,68606,"GII: Gender Inequality Index, value",0.632,1995
429,"2016-01-07 10:10:52.689964","2016-01-07 10:10:52.690139",Nicaragua,NIC,68606,"GII: Gender Inequality Index, value",0.528,2005
430,"2016-01-07 10:10:52.689964","2016-01-07 10:10:52.690139",Nicaragua,NIC,68606,"GII: Gender Inequality Index, value",0.505,2010
431,"2016-01-07 10:10:52.689964","2016-01-07 10:10:52.690139",Nicaragua,NIC,68606,"GII: Gender Inequality Index, value",0.458,2013
432,"2016-01-07 10:10:52.689964","2016-01-07 10:10:52.690139",Netherlands,NLD,68606,"GII: Gender Inequality Index, value",0.09,1995
433,"2016-01-07 10:10:52.689964","2016-01-07 10:10:52.690139",Netherlands,NLD,68606,"GII: Gender Inequality Index, value",0.078,2000
434,"2016-01-07 10:10:52.689964","2016-01-07 10:10:52.690139",Netherlands,NLD,68606,"GII: Gender Inequality Index, value",0.069,2005
435,"2016-01-07 10:10:52.689964","2016-01-07 10:10:52.690139",Netherlands,NLD,68606,"GII: Gender Inequality Index, value",0.05,2010
436,"2016-01-07 10:10:52.689964","2016-01-07 10:10:52.690139",Netherlands,NLD,68606,"GII: Gender Inequality Index, value",0.057,2013
437,"2016-01-07 10:10:52.689964","2016-01-07 10:10:52.690139",Norway,NOR,68606,"GII: Gender Inequality Index, value",0.122,1995
438,"2016-01-07 10:10:52.689964","2016-01-07 10:10:52.690139",Norway,NOR,68606,"GII: Gender Inequality Index, value",0.106,2000
439,"2016-01-07 10:10:52.689964","2016-01-07 10:10:52.690139",Norway,NOR,68606,"GII: Gender Inequality Index, value",0.085,2005
440,"2016-01-07 10:10:52.689964","2016-01-07 10:10:52.690139",Norway,NOR,68606,"GII: Gender Inequality Index, value",0.075,2010
441,"2016-01-07 10:10:52.689964","2016-01-07 10:10:52.690139",Norway,NOR,68606,"GII: Gender Inequality Index, value",0.068,2013
442,"2016-01-07 10:10:52.689964","2016-01-07 10:10:52.690139",Nepal,NPL,68606,"GII: Gender Inequality Index, value",0.71,1995
443,"2016-01-07 10:10:52.689964","2016-01-07 10:10:52.690139",Nepal,NPL,68606,"GII: Gender Inequality Index, value",0.658,2000
444,"2016-01-07 10:10:52.689964","2016-01-07 10:10:52.690139",Nepal,NPL,68606,"GII: Gender Inequality Index, value",0.63,2005
445,"2016-01-07 10:10:52.689964","2016-01-07 10:10:52.690139",Nepal,NPL,68606,"GII: Gender Inequality Index, value",0.496,2010
446,"2016-01-07 10:10:52.689964","2016-01-07 10:10:52.690139",Nepal,NPL,68606,"GII: Gender Inequality Index, value",0.479,2013
447,"2016-01-07 10:10:52.689964","2016-01-07 10:10:52.690139","New Zealand",NZL,68606,"GII: Gender Inequality Index, value",0.212,1995
448,"2016-01-07 10:10:52.689964","2016-01-07 10:10:52.690139","New Zealand",NZL,68606,"GII: Gender Inequality Index, value",0.191,2000
449,"2016-01-07 10:10:52.689964","2016-01-07 10:10:52.690139","New Zealand",NZL,68606,"GII: Gender Inequality Index, value",0.193,2005
450,"2016-01-07 10:10:52.689964","2016-01-07 10:10:52.690139","New Zealand",NZL,68606,"GII: Gender Inequality Index, value",0.198,2010
451,"2016-01-07 10:10:52.689964","2016-01-07 10:10:52.690139","New Zealand",NZL,68606,"GII: Gender Inequality Index, value",0.185,2013
452,"2016-01-07 10:10:52.689964","2016-01-07 10:10:52.690139",Oman,OMN,68606,"GII: Gender Inequality Index, value",0.348,2013
453,"2016-01-07 10:10:52.689964","2016-01-07 10:10:52.690139",Pakistan,PAK,68606,"GII: Gender Inequality Index, value",0.784,1995
454,"2016-01-07 10:10:52.689964","2016-01-07 10:10:52.690139",Pakistan,PAK,68606,"GII: Gender Inequality Index, value",0.613,2005
455,"2016-01-07 10:10:52.689964","2016-01-07 10:10:52.690139",Pakistan,PAK,68606,"GII: Gender Inequality Index, value",0.561,2010
456,"2016-01-07 10:10:52.689964","2016-01-07 10:10:52.690139",Pakistan,PAK,68606,"GII: Gender Inequality Index, value",0.563,2013
457,"2016-01-07 10:10:52.689964","2016-01-07 10:10:52.690139",Panama,PAN,68606,"GII: Gender Inequality Index, value",0.532,1995
458,"2016-01-07 10:10:52.689964","2016-01-07 10:10:52.690139",Panama,PAN,68606,"GII: Gender Inequality Index, value",0.486,2005
459,"2016-01-07 10:10:52.689964","2016-01-07 10:10:52.690139",Panama,PAN,68606,"GII: Gender Inequality Index, value",0.511,2010
460,"2016-01-07 10:10:52.689964","2016-01-07 10:10:52.690139",Panama,PAN,68606,"GII: Gender Inequality Index, value",0.506,2013
461,"2016-01-07 10:10:52.689964","2016-01-07 10:10:52.690139",Peru,PER,68606,"GII: Gender Inequality Index, value",0.535,1995
462,"2016-01-07 10:10:52.689964","2016-01-07 10:10:52.690139",Peru,PER,68606,"GII: Gender Inequality Index, value",0.442,2005
463,"2016-01-07 10:10:52.689964","2016-01-07 10:10:52.690139",Peru,PER,68606,"GII: Gender Inequality Index, value",0.384,2010
464,"2016-01-07 10:10:52.689964","2016-01-07 10:10:52.690139",Peru,PER,68606,"GII: Gender Inequality Index, value",0.387,2013
465,"2016-01-07 10:10:52.689964","2016-01-07 10:10:52.690139",Philippines,PHL,68606,"GII: Gender Inequality Index, value",0.493,1995
466,"2016-01-07 10:10:52.689964","2016-01-07 10:10:52.690139",Philippines,PHL,68606,"GII: Gender Inequality Index, value",0.477,2000
467,"2016-01-07 10:10:52.689964","2016-01-07 10:10:52.690139",Philippines,PHL,68606,"GII: Gender Inequality Index, value",0.458,2005
468,"2016-01-07 10:10:52.689964","2016-01-07 10:10:52.690139",Philippines,PHL,68606,"GII: Gender Inequality Index, value",0.43,2010
469,"2016-01-07 10:10:52.689964","2016-01-07 10:10:52.690139",Philippines,PHL,68606,"GII: Gender Inequality Index, value",0.406,2013
470,"2016-01-07 10:10:52.689964","2016-01-07 10:10:52.690139","Papua New Guinea",PNG,68606,"GII: Gender Inequality Index, value",0.662,1995
471,"2016-01-07 10:10:52.689964","2016-01-07 10:10:52.690139","Papua New Guinea",PNG,68606,"GII: Gender Inequality Index, value",0.664,2000
472,"2016-01-07 10:10:52.689964","2016-01-07 10:10:52.690139","Papua New Guinea",PNG,68606,"GII: Gender Inequality Index, value",0.686,2005
473,"2016-01-07 10:10:52.689964","2016-01-07 10:10:52.690139","Papua New Guinea",PNG,68606,"GII: Gender Inequality Index, value",0.674,2010
474,"2016-01-07 10:10:52.689964","2016-01-07 10:10:52.690139","Papua New Guinea",PNG,68606,"GII: Gender Inequality Index, value",0.617,2013
475,"2016-01-07 10:10:52.689964","2016-01-07 10:10:52.690139",Poland,POL,68606,"GII: Gender Inequality Index, value",0.267,1995
476,"2016-01-07 10:10:52.689964","2016-01-07 10:10:52.690139",Poland,POL,68606,"GII: Gender Inequality Index, value",0.208,2000
477,"2016-01-07 10:10:52.689964","2016-01-07 10:10:52.690139",Poland,POL,68606,"GII: Gender Inequality Index, value",0.16,2005
478,"2016-01-07 10:10:52.689964","2016-01-07 10:10:52.690139",Poland,POL,68606,"GII: Gender Inequality Index, value",0.164,2010
479,"2016-01-07 10:10:52.689964","2016-01-07 10:10:52.690139",Poland,POL,68606,"GII: Gender Inequality Index, value",0.139,2013
480,"2016-01-07 10:10:52.689964","2016-01-07 10:10:52.690139",Portugal,PRT,68606,"GII: Gender Inequality Index, value",0.22,1995
481,"2016-01-07 10:10:52.689964","2016-01-07 10:10:52.690139",Portugal,PRT,68606,"GII: Gender Inequality Index, value",0.189,2000
482,"2016-01-07 10:10:52.689964","2016-01-07 10:10:52.690139",Portugal,PRT,68606,"GII: Gender Inequality Index, value",0.17,2005
483,"2016-01-07 10:10:52.689964","2016-01-07 10:10:52.690139",Portugal,PRT,68606,"GII: Gender Inequality Index, value",0.138,2010
484,"2016-01-07 10:10:52.689964","2016-01-07 10:10:52.690139",Portugal,PRT,68606,"GII: Gender Inequality Index, value",0.116,2013
485,"2016-01-07 10:10:52.689964","2016-01-07 10:10:52.690139",Paraguay,PRY,68606,"GII: Gender Inequality Index, value",0.56,1995
486,"2016-01-07 10:10:52.689964","2016-01-07 10:10:52.690139",Paraguay,PRY,68606,"GII: Gender Inequality Index, value",0.541,2000
487,"2016-01-07 10:10:52.689964","2016-01-07 10:10:52.690139",Paraguay,PRY,68606,"GII: Gender Inequality Index, value",0.518,2005
488,"2016-01-07 10:10:52.689964","2016-01-07 10:10:52.690139",Paraguay,PRY,68606,"GII: Gender Inequality Index, value",0.48,2010
489,"2016-01-07 10:10:52.689964","2016-01-07 10:10:52.690139",Paraguay,PRY,68606,"GII: Gender Inequality Index, value",0.457,2013
490,"2016-01-07 10:10:52.689964","2016-01-07 10:10:52.690139",Qatar,QAT,68606,"GII: Gender Inequality Index, value",0.547,2010
491,"2016-01-07 10:10:52.689964","2016-01-07 10:10:52.690139",Qatar,QAT,68606,"GII: Gender Inequality Index, value",0.524,2013
492,"2016-01-07 10:10:52.689964","2016-01-07 10:10:52.690139",Romania,ROU,68606,"GII: Gender Inequality Index, value",0.466,1995
493,"2016-01-07 10:10:52.689964","2016-01-07 10:10:52.690139",Romania,ROU,68606,"GII: Gender Inequality Index, value",0.33,2005
494,"2016-01-07 10:10:52.689964","2016-01-07 10:10:52.690139",Romania,ROU,68606,"GII: Gender Inequality Index, value",0.331,2010
495,"2016-01-07 10:10:52.689964","2016-01-07 10:10:52.690139",Romania,ROU,68606,"GII: Gender Inequality Index, value",0.32,2013
496,"2016-01-07 10:10:52.689964","2016-01-07 10:10:52.690139","Russian Federation",RUS,68606,"GII: Gender Inequality Index, value",0.458,1995
497,"2016-01-07 10:10:52.689964","2016-01-07 10:10:52.690139","Russian Federation",RUS,68606,"GII: Gender Inequality Index, value",0.425,2000
498,"2016-01-07 10:10:52.689964","2016-01-07 10:10:52.690139","Russian Federation",RUS,68606,"GII: Gender Inequality Index, value",0.351,2005
499,"2016-01-07 10:10:52.689964","2016-01-07 10:10:52.690139","Russian Federation",RUS,68606,"GII: Gender Inequality Index, value",0.327,2010
500,"2016-01-07 10:10:52.689964","2016-01-07 10:10:52.690139","Russian Federation",RUS,68606,"GII: Gender Inequality Index, value",0.314,2013
501,"2016-01-07 10:10:52.689964","2016-01-07 10:10:52.690139",Rwanda,RWA,68606,"GII: Gender Inequality Index, value",0.584,1995
502,"2016-01-07 10:10:52.689964","2016-01-07 10:10:52.690139",Rwanda,RWA,68606,"GII: Gender Inequality Index, value",0.544,2000
503,"2016-01-07 10:10:52.689964","2016-01-07 10:10:52.690139",Rwanda,RWA,68606,"GII: Gender Inequality Index, value",0.472,2005
504,"2016-01-07 10:10:52.689964","2016-01-07 10:10:52.690139",Rwanda,RWA,68606,"GII: Gender Inequality Index, value",0.428,2010
505,"2016-01-07 10:10:52.689964","2016-01-07 10:10:52.690139",Rwanda,RWA,68606,"GII: Gender Inequality Index, value",0.41,2013
506,"2016-01-07 10:10:52.689964","2016-01-07 10:10:52.690139","Saudi Arabia",SAU,68606,"GII: Gender Inequality Index, value",0.685,2005
507,"2016-01-07 10:10:52.689964","2016-01-07 10:10:52.690139","Saudi Arabia",SAU,68606,"GII: Gender Inequality Index, value",0.656,2010
508,"2016-01-07 10:10:52.689964","2016-01-07 10:10:52.690139","Saudi Arabia",SAU,68606,"GII: Gender Inequality Index, value",0.321,2013
509,"2016-01-07 10:10:52.689964","2016-01-07 10:10:52.690139",Sudan,SDN,68606,"GII: Gender Inequality Index, value",0.734,1995
510,"2016-01-07 10:10:52.689964","2016-01-07 10:10:52.690139",Sudan,SDN,68606,"GII: Gender Inequality Index, value",0.68,2005
511,"2016-01-07 10:10:52.689964","2016-01-07 10:10:52.690139",Sudan,SDN,68606,"GII: Gender Inequality Index, value",0.641,2010
512,"2016-01-07 10:10:52.689964","2016-01-07 10:10:52.690139",Sudan,SDN,68606,"GII: Gender Inequality Index, value",0.628,2013
513,"2016-01-07 10:10:52.689964","2016-01-07 10:10:52.690139",Senegal,SEN,68606,"GII: Gender Inequality Index, value",0.647,1995
514,"2016-01-07 10:10:52.689964","2016-01-07 10:10:52.690139",Senegal,SEN,68606,"GII: Gender Inequality Index, value",0.621,2000
515,"2016-01-07 10:10:52.689964","2016-01-07 10:10:52.690139",Senegal,SEN,68606,"GII: Gender Inequality Index, value",0.592,2005
516,"2016-01-07 10:10:52.689964","2016-01-07 10:10:52.690139",Senegal,SEN,68606,"GII: Gender Inequality Index, value",0.554,2010
517,"2016-01-07 10:10:52.689964","2016-01-07 10:10:52.690139",Senegal,SEN,68606,"GII: Gender Inequality Index, value",0.537,2013
518,"2016-01-07 10:10:52.689964","2016-01-07 10:10:52.690139",Singapore,SGP,68606,"GII: Gender Inequality Index, value",0.237,1995
519,"2016-01-07 10:10:52.689964","2016-01-07 10:10:52.690139",Singapore,SGP,68606,"GII: Gender Inequality Index, value",0.137,2005
520,"2016-01-07 10:10:52.689964","2016-01-07 10:10:52.690139",Singapore,SGP,68606,"GII: Gender Inequality Index, value",0.094,2010
521,"2016-01-07 10:10:52.689964","2016-01-07 10:10:52.690139",Singapore,SGP,68606,"GII: Gender Inequality Index, value",0.09,2013
522,"2016-01-07 10:10:52.689964","2016-01-07 10:10:52.690139","Sierra Leone",SLE,68606,"GII: Gender Inequality Index, value",0.658,2005
523,"2016-01-07 10:10:52.689964","2016-01-07 10:10:52.690139","Sierra Leone",SLE,68606,"GII: Gender Inequality Index, value",0.649,2010
524,"2016-01-07 10:10:52.689964","2016-01-07 10:10:52.690139","Sierra Leone",SLE,68606,"GII: Gender Inequality Index, value",0.643,2013
525,"2016-01-07 10:10:52.689964","2016-01-07 10:10:52.690139","El Salvador",SLV,68606,"GII: Gender Inequality Index, value",0.543,1995
526,"2016-01-07 10:10:52.689964","2016-01-07 10:10:52.690139","El Salvador",SLV,68606,"GII: Gender Inequality Index, value",0.517,2005
527,"2016-01-07 10:10:52.689964","2016-01-07 10:10:52.690139","El Salvador",SLV,68606,"GII: Gender Inequality Index, value",0.466,2010
528,"2016-01-07 10:10:52.689964","2016-01-07 10:10:52.690139","El Salvador",SLV,68606,"GII: Gender Inequality Index, value",0.441,2013
529,"2016-01-07 10:10:52.689964","2016-01-07 10:10:52.690139",Suriname,SUR,68606,"GII: Gender Inequality Index, value",0.463,2013
530,"2016-01-07 10:10:52.689964","2016-01-07 10:10:52.690139",Slovakia,SVK,68606,"GII: Gender Inequality Index, value",0.271,1995
531,"2016-01-07 10:10:52.689964","2016-01-07 10:10:52.690139",Slovakia,SVK,68606,"GII: Gender Inequality Index, value",0.249,2000
532,"2016-01-07 10:10:52.689964","2016-01-07 10:10:52.690139",Slovakia,SVK,68606,"GII: Gender Inequality Index, value",0.195,2005
533,"2016-01-07 10:10:52.689964","2016-01-07 10:10:52.690139",Slovakia,SVK,68606,"GII: Gender Inequality Index, value",0.195,2010
534,"2016-01-07 10:10:52.689964","2016-01-07 10:10:52.690139",Slovakia,SVK,68606,"GII: Gender Inequality Index, value",0.164,2013
535,"2016-01-07 10:10:52.689964","2016-01-07 10:10:52.690139",Slovenia,SVN,68606,"GII: Gender Inequality Index, value",0.222,1995
536,"2016-01-07 10:10:52.689964","2016-01-07 10:10:52.690139",Slovenia,SVN,68606,"GII: Gender Inequality Index, value",0.141,2005
537,"2016-01-07 10:10:52.689964","2016-01-07 10:10:52.690139",Slovenia,SVN,68606,"GII: Gender Inequality Index, value",0.131,2010
538,"2016-01-07 10:10:52.689964","2016-01-07 10:10:52.690139",Slovenia,SVN,68606,"GII: Gender Inequality Index, value",0.021,2013
539,"2016-01-07 10:10:52.689964","2016-01-07 10:10:52.690139",Sweden,SWE,68606,"GII: Gender Inequality Index, value",0.09,1995
540,"2016-01-07 10:10:52.689964","2016-01-07 10:10:52.690139",Sweden,SWE,68606,"GII: Gender Inequality Index, value",0.062,2000
541,"2016-01-07 10:10:52.689964","2016-01-07 10:10:52.690139",Sweden,SWE,68606,"GII: Gender Inequality Index, value",0.053,2005
542,"2016-01-07 10:10:52.689964","2016-01-07 10:10:52.690139",Sweden,SWE,68606,"GII: Gender Inequality Index, value",0.05,2010
543,"2016-01-07 10:10:52.689964","2016-01-07 10:10:52.690139",Sweden,SWE,68606,"GII: Gender Inequality Index, value",0.054,2013
544,"2016-01-07 10:10:52.689964","2016-01-07 10:10:52.690139",Swaziland,SWZ,68606,"GII: Gender Inequality Index, value",0.593,1995
545,"2016-01-07 10:10:52.689964","2016-01-07 10:10:52.690139",Swaziland,SWZ,68606,"GII: Gender Inequality Index, value",0.613,2000
546,"2016-01-07 10:10:52.689964","2016-01-07 10:10:52.690139",Swaziland,SWZ,68606,"GII: Gender Inequality Index, value",0.577,2005
547,"2016-01-07 10:10:52.689964","2016-01-07 10:10:52.690139",Swaziland,SWZ,68606,"GII: Gender Inequality Index, value",0.542,2010
548,"2016-01-07 10:10:52.689964","2016-01-07 10:10:52.690139",Swaziland,SWZ,68606,"GII: Gender Inequality Index, value",0.529,2013
549,"2016-01-07 10:10:52.689964","2016-01-07 10:10:52.690139","Syrian Arab Republic",SYR,68606,"GII: Gender Inequality Index, value",0.597,1995
550,"2016-01-07 10:10:52.689964","2016-01-07 10:10:52.690139","Syrian Arab Republic",SYR,68606,"GII: Gender Inequality Index, value",0.561,2005
551,"2016-01-07 10:10:52.689964","2016-01-07 10:10:52.690139","Syrian Arab Republic",SYR,68606,"GII: Gender Inequality Index, value",0.546,2010
552,"2016-01-07 10:10:52.689964","2016-01-07 10:10:52.690139","Syrian Arab Republic",SYR,68606,"GII: Gender Inequality Index, value",0.556,2013
553,"2016-01-07 10:10:52.689964","2016-01-07 10:10:52.690139",Chad,TCD,68606,"GII: Gender Inequality Index, value",0.707,2013
554,"2016-01-07 10:10:52.689964","2016-01-07 10:10:52.690139",Togo,TGO,68606,"GII: Gender Inequality Index, value",0.742,1995
555,"2016-01-07 10:10:52.689964","2016-01-07 10:10:52.690139",Togo,TGO,68606,"GII: Gender Inequality Index, value",0.629,2005
556,"2016-01-07 10:10:52.689964","2016-01-07 10:10:52.690139",Togo,TGO,68606,"GII: Gender Inequality Index, value",0.595,2010
557,"2016-01-07 10:10:52.689964","2016-01-07 10:10:52.690139",Togo,TGO,68606,"GII: Gender Inequality Index, value",0.579,2013
558,"2016-01-07 10:10:52.689964","2016-01-07 10:10:52.690139",Thailand,THA,68606,"GII: Gender Inequality Index, value",0.457,1995
559,"2016-01-07 10:10:52.689964","2016-01-07 10:10:52.690139",Thailand,THA,68606,"GII: Gender Inequality Index, value",0.458,2000
560,"2016-01-07 10:10:52.689964","2016-01-07 10:10:52.690139",Thailand,THA,68606,"GII: Gender Inequality Index, value",0.405,2005
561,"2016-01-07 10:10:52.689964","2016-01-07 10:10:52.690139",Thailand,THA,68606,"GII: Gender Inequality Index, value",0.379,2010
562,"2016-01-07 10:10:52.689964","2016-01-07 10:10:52.690139",Thailand,THA,68606,"GII: Gender Inequality Index, value",0.364,2013
563,"2016-01-07 10:10:52.689964","2016-01-07 10:10:52.690139",Tajikistan,TJK,68606,"GII: Gender Inequality Index, value",0.571,1995
564,"2016-01-07 10:10:52.689964","2016-01-07 10:10:52.690139",Tajikistan,TJK,68606,"GII: Gender Inequality Index, value",0.452,2000
565,"2016-01-07 10:10:52.689964","2016-01-07 10:10:52.690139",Tajikistan,TJK,68606,"GII: Gender Inequality Index, value",0.385,2005
566,"2016-01-07 10:10:52.689964","2016-01-07 10:10:52.690139",Tajikistan,TJK,68606,"GII: Gender Inequality Index, value",0.38,2010
567,"2016-01-07 10:10:52.689964","2016-01-07 10:10:52.690139",Tajikistan,TJK,68606,"GII: Gender Inequality Index, value",0.383,2013
568,"2016-01-07 10:10:52.689964","2016-01-07 10:10:52.690139",Tonga,TON,68606,"GII: Gender Inequality Index, value",0.664,2000
569,"2016-01-07 10:10:52.689964","2016-01-07 10:10:52.690139",Tonga,TON,68606,"GII: Gender Inequality Index, value",0.468,2005
570,"2016-01-07 10:10:52.689964","2016-01-07 10:10:52.690139",Tonga,TON,68606,"GII: Gender Inequality Index, value",0.476,2010
571,"2016-01-07 10:10:52.689964","2016-01-07 10:10:52.690139",Tonga,TON,68606,"GII: Gender Inequality Index, value",0.458,2013
572,"2016-01-07 10:10:52.689964","2016-01-07 10:10:52.690139","Trinidad and Tobago",TTO,68606,"GII: Gender Inequality Index, value",0.437,1995
573,"2016-01-07 10:10:52.689964","2016-01-07 10:10:52.690139","Trinidad and Tobago",TTO,68606,"GII: Gender Inequality Index, value",0.349,2005
574,"2016-01-07 10:10:52.689964","2016-01-07 10:10:52.690139","Trinidad and Tobago",TTO,68606,"GII: Gender Inequality Index, value",0.325,2010
575,"2016-01-07 10:10:52.689964","2016-01-07 10:10:52.690139","Trinidad and Tobago",TTO,68606,"GII: Gender Inequality Index, value",0.321,2013
576,"2016-01-07 10:10:52.689964","2016-01-07 10:10:52.690139",Tunisia,TUN,68606,"GII: Gender Inequality Index, value",0.475,1995
577,"2016-01-07 10:10:52.689964","2016-01-07 10:10:52.690139",Tunisia,TUN,68606,"GII: Gender Inequality Index, value",0.335,2005
578,"2016-01-07 10:10:52.689964","2016-01-07 10:10:52.690139",Tunisia,TUN,68606,"GII: Gender Inequality Index, value",0.265,2013
579,"2016-01-07 10:10:52.689964","2016-01-07 10:10:52.690139",Turkey,TUR,68606,"GII: Gender Inequality Index, value",0.599,1995
580,"2016-01-07 10:10:52.689964","2016-01-07 10:10:52.690139",Turkey,TUR,68606,"GII: Gender Inequality Index, value",0.518,2005
581,"2016-01-07 10:10:52.689964","2016-01-07 10:10:52.690139",Turkey,TUR,68606,"GII: Gender Inequality Index, value",0.42,2010
582,"2016-01-07 10:10:52.689964","2016-01-07 10:10:52.690139",Turkey,TUR,68606,"GII: Gender Inequality Index, value",0.36,2013
583,"2016-01-07 10:10:52.689964","2016-01-07 10:10:52.690139","Tanzania (United Republic of)",TZA,68606,"GII: Gender Inequality Index, value",0.646,1995
584,"2016-01-07 10:10:52.689964","2016-01-07 10:10:52.690139","Tanzania (United Republic of)",TZA,68606,"GII: Gender Inequality Index, value",0.585,2005
585,"2016-01-07 10:10:52.689964","2016-01-07 10:10:52.690139","Tanzania (United Republic of)",TZA,68606,"GII: Gender Inequality Index, value",0.556,2010
586,"2016-01-07 10:10:52.689964","2016-01-07 10:10:52.690139","Tanzania (United Republic of)",TZA,68606,"GII: Gender Inequality Index, value",0.553,2013
587,"2016-01-07 10:10:52.689964","2016-01-07 10:10:52.690139",Uganda,UGA,68606,"GII: Gender Inequality Index, value",0.642,1995
588,"2016-01-07 10:10:52.689964","2016-01-07 10:10:52.690139",Uganda,UGA,68606,"GII: Gender Inequality Index, value",0.634,2000
589,"2016-01-07 10:10:52.689964","2016-01-07 10:10:52.690139",Uganda,UGA,68606,"GII: Gender Inequality Index, value",0.597,2005
590,"2016-01-07 10:10:52.689964","2016-01-07 10:10:52.690139",Uganda,UGA,68606,"GII: Gender Inequality Index, value",0.529,2013
591,"2016-01-07 10:10:52.689964","2016-01-07 10:10:52.690139",Ukraine,UKR,68606,"GII: Gender Inequality Index, value",0.472,1995
592,"2016-01-07 10:10:52.689964","2016-01-07 10:10:52.690139",Ukraine,UKR,68606,"GII: Gender Inequality Index, value",0.357,2005
593,"2016-01-07 10:10:52.689964","2016-01-07 10:10:52.690139",Ukraine,UKR,68606,"GII: Gender Inequality Index, value",0.351,2010
594,"2016-01-07 10:10:52.689964","2016-01-07 10:10:52.690139",Ukraine,UKR,68606,"GII: Gender Inequality Index, value",0.326,2013
595,"2016-01-07 10:10:52.689964","2016-01-07 10:10:52.690139",Uruguay,URY,68606,"GII: Gender Inequality Index, value",0.454,1995
596,"2016-01-07 10:10:52.689964","2016-01-07 10:10:52.690139",Uruguay,URY,68606,"GII: Gender Inequality Index, value",0.403,2000
597,"2016-01-07 10:10:52.689964","2016-01-07 10:10:52.690139",Uruguay,URY,68606,"GII: Gender Inequality Index, value",0.386,2005
598,"2016-01-07 10:10:52.689964","2016-01-07 10:10:52.690139",Uruguay,URY,68606,"GII: Gender Inequality Index, value",0.357,2010
599,"2016-01-07 10:10:52.689964","2016-01-07 10:10:52.690139",Uruguay,URY,68606,"GII: Gender Inequality Index, value",0.364,2013
600,"2016-01-07 10:10:52.689964","2016-01-07 10:10:52.690139","United States",USA,68606,"GII: Gender Inequality Index, value",0.303,1995
601,"2016-01-07 10:10:52.689964","2016-01-07 10:10:52.690139","United States",USA,68606,"GII: Gender Inequality Index, value",0.288,2005
602,"2016-01-07 10:10:52.689964","2016-01-07 10:10:52.690139","United States",USA,68606,"GII: Gender Inequality Index, value",0.285,2010
603,"2016-01-07 10:10:52.689964","2016-01-07 10:10:52.690139","United States",USA,68606,"GII: Gender Inequality Index, value",0.262,2013
604,"2016-01-07 10:10:52.689964","2016-01-07 10:10:52.690139","Venezuela (Bolivarian Republic of)",VEN,68606,"GII: Gender Inequality Index, value",0.556,1995
605,"2016-01-07 10:10:52.689964","2016-01-07 10:10:52.690139","Venezuela (Bolivarian Republic of)",VEN,68606,"GII: Gender Inequality Index, value",0.474,2005
606,"2016-01-07 10:10:52.689964","2016-01-07 10:10:52.690139","Venezuela (Bolivarian Republic of)",VEN,68606,"GII: Gender Inequality Index, value",0.469,2010
607,"2016-01-07 10:10:52.689964","2016-01-07 10:10:52.690139","Venezuela (Bolivarian Republic of)",VEN,68606,"GII: Gender Inequality Index, value",0.464,2013
608,"2016-01-07 10:10:52.689964","2016-01-07 10:10:52.690139",Vietnam,VNM,68606,"GII: Gender Inequality Index, value",0.413,1995
609,"2016-01-07 10:10:52.689964","2016-01-07 10:10:52.690139",Vietnam,VNM,68606,"GII: Gender Inequality Index, value",0.363,2000
610,"2016-01-07 10:10:52.689964","2016-01-07 10:10:52.690139",Vietnam,VNM,68606,"GII: Gender Inequality Index, value",0.332,2005
611,"2016-01-07 10:10:52.689964","2016-01-07 10:10:52.690139",Vietnam,VNM,68606,"GII: Gender Inequality Index, value",0.329,2010
612,"2016-01-07 10:10:52.689964","2016-01-07 10:10:52.690139",Vietnam,VNM,68606,"GII: Gender Inequality Index, value",0.322,2013
613,"2016-01-07 10:10:52.689964","2016-01-07 10:10:52.690139",Samoa,WSM,68606,"GII: Gender Inequality Index, value",0.517,2013
614,"2016-01-07 10:10:52.689964","2016-01-07 10:10:52.690139",Yemen,YEM,68606,"GII: Gender Inequality Index, value",0.885,1995
615,"2016-01-07 10:10:52.689964","2016-01-07 10:10:52.690139",Yemen,YEM,68606,"GII: Gender Inequality Index, value",0.814,2000
616,"2016-01-07 10:10:52.689964","2016-01-07 10:10:52.690139",Yemen,YEM,68606,"GII: Gender Inequality Index, value",0.778,2005
617,"2016-01-07 10:10:52.689964","2016-01-07 10:10:52.690139",Yemen,YEM,68606,"GII: Gender Inequality Index, value",0.743,2010
618,"2016-01-07 10:10:52.689964","2016-01-07 10:10:52.690139",Yemen,YEM,68606,"GII: Gender Inequality Index, value",0.733,2013
619,"2016-01-07 10:10:52.689964","2016-01-07 10:10:52.690139","South Africa",ZAF,68606,"GII: Gender Inequality Index, value",0.525,1995
620,"2016-01-07 10:10:52.689964","2016-01-07 10:10:52.690139","South Africa",ZAF,68606,"GII: Gender Inequality Index, value",0.513,2000
621,"2016-01-07 10:10:52.689964","2016-01-07 10:10:52.690139","South Africa",ZAF,68606,"GII: Gender Inequality Index, value",0.507,2005
622,"2016-01-07 10:10:52.689964","2016-01-07 10:10:52.690139","South Africa",ZAF,68606,"GII: Gender Inequality Index, value",0.47,2010
623,"2016-01-07 10:10:52.689964","2016-01-07 10:10:52.690139","South Africa",ZAF,68606,"GII: Gender Inequality Index, value",0.461,2013
624,"2016-01-07 10:10:52.689964","2016-01-07 10:10:52.690139",Zambia,ZMB,68606,"GII: Gender Inequality Index, value",0.616,1995
625,"2016-01-07 10:10:52.689964","2016-01-07 10:10:52.690139",Zambia,ZMB,68606,"GII: Gender Inequality Index, value",0.635,2005
626,"2016-01-07 10:10:52.689964","2016-01-07 10:10:52.690139",Zambia,ZMB,68606,"GII: Gender Inequality Index, value",0.614,2010
627,"2016-01-07 10:10:52.689964","2016-01-07 10:10:52.690139",Zambia,ZMB,68606,"GII: Gender Inequality Index, value",0.617,2013
628,"2016-01-07 10:10:52.689964","2016-01-07 10:10:52.690139",Zimbabwe,ZWE,68606,"GII: Gender Inequality Index, value",0.608,1995
629,"2016-01-07 10:10:52.689964","2016-01-07 10:10:52.690139",Zimbabwe,ZWE,68606,"GII: Gender Inequality Index, value",0.576,2005
630,"2016-01-07 10:10:52.689964","2016-01-07 10:10:52.690139",Zimbabwe,ZWE,68606,"GII: Gender Inequality Index, value",0.562,2010
631,"2016-01-07 10:10:52.689964","2016-01-07 10:10:52.690139",Zimbabwe,ZWE,68606,"GII: Gender Inequality Index, value",0.516,2013
